12100103121113223312100103121211000031211000133223312121100003121100013302312111
30203223312121100003121100013302312111302130203223312121100003121100013302312111
30213021302032233121211000031211000133023121113021302130213020322331212110000312
11000133023121113021302130213021302032233121211000031211000133023121113021302130
21302130213020322331212110000312110001330231211130213021302130213021302130203223
31212110000312110001330231211130213021302130213021302130213020322331212110000312
11000133023121113021302130213021302130213021302130203223312121100003121100013302
31211130213021302130213021302130213021302130203223312121100003121100013302312111
30213021302130213021302130213021302130213020322331212110000312110001330231211130
21302130213021302130213021302130213021302130203223312121100003121100013302312111
30213021302130213021302130213021302130213021302130203223312121100003121100013302
31211130213021302130213021302130213021302130213021302130213020322331212110000312
11000133023121113021302130213021302130213021302130213021302130213021302130203223
31212110000312110001330231211130213021302130213021302130213021302130213021302130
21302130213020322331210010312121100003121100103322331212110000312110010330231211
13020322331212110000312110010330231211130213020322331212110000312110010330231211
13021302130213021302032233121211000031211001033023121113021302130213021302130213
02130213021302032233121211000031211001033023121113021302130213021302130213021302
13021302130213021302130213021302130203223312121100003121100103302312111302130213
02130213021302130213021302130213021302130213021302130213021302130213021302130213
02130213021302032233121001031212110000312110011332233121211000031211001133023121
11302130213020322331212110000312110011330231211130213021302130203223312121100003
12110011330231211130213021302130213021302032233121211000031211001133023121113021
30213021302130213021302130203223312121100003121100113302312111302130213021302130
21302130213021302130213021302032233121211000031211001133023121113021302130213021
30213021302130213021302130213021302130203223312121100003121100113302312111302130
21302130213021302130213021302130213021302130213021302130213021302032233121211000
03121100113302312111302130213021302130213021302130213021302130213021302130213021
30213021302130213020322331212110000312110011330231211130213021302130213021302130
21302130213021302130213021302130213021302130213021302130213021302130203223312121
10000312110011330231211130213021302130213021302130213021302130213021302130213021
30213021302130213021302130213021302130213021302130213021302130203223312121100003
12110011330231211130213021302130213021302130213021302130213021302130213021302130
21302130213021302130213021302130213021302130213021302130213021302032233121001031
21132233121132121113021302033212111302130203322331211321211130213021302033212111
30213021302033223312113212111302130213021302033212111302130213021302033223312113
21211130213021302130213020332121113021302130213021302033223312113212111302130213
02130213021302033212111302130213021302130213020332233121132121113021302130213021
30213021302033212111302130213021302130213021302033223312113212111302130213021302
13021302130213020332121113021302130213021302130213021302033223312113212111302130
21302130213021302130213021302033212111302130213021302130213021302130213020332233
12113212111302130203321211130213020332233121132121113021302130213021302130213020
33212111302130213021302130213021302033223312113212111302130213020332121113021302
13020332233121001031210032233121001031210322331211321211130213020332121113021302
03322331210321211130213020332121113021302130203322331210321211130213020332121113
02130213021302033223312103212111302130203321211130213021302130213020332233121003
21211130213021302033212111302130203322331211321211130213021302033212111302130213
02033223312103212111302130213020332121113021302130213020332233121032121113021302
13020332121113021302130213021302033223312100321211130213021302130203321211130213
02033223312100321211130213021302130203321211130213021302033223312113212111302130
21302130203321211130213021302130203322331210321211130213021302130203321211130213
02130213021302033223312100321211130213021302130213020332121113021302033223312100
32121113021302130213021302033212111302130213020332233121003212111302130213021302
13020332121113021302130213020332233121132121113021302130213021302033212111302130
21302130213020332233121003212111302130213021302130203321211130213021302130203322
33121003212111302130213021302033212111302033223312100321211130213020332121113020
33223312100321211130213021302130213021302130213021302033212111302033223312100321
21113021302130213021302130213021302033212111302130213021302130213021302033223312
10032121113021302130213021302130213020332121113021302130203322331210032121113021
30213021302130213020332121113020332233121003212111302130213021302130213021302130
21302130203321211130213021302130213020332233121003212111302130213021302130213020
33212111302130203322331210032121113021302130203321211130203322331210032121113021
30213021302033212111302130203322331210321211130213021302130213021302130213020332
12111302130213021302130213021302130213021302033223312103212111302130213021302033
21211130213021302130213021302130203322331210321211130213021302033212111302130213
02130203322331210321211130213021302033212111302130213021302130203322331210321211
13020332121113021302033223312103212111302033212111302130213021302130213021302130
21302130213020332233121032121113020332121113021302130213020332233121032121113020
33212111302130213021302130203322331210321211130213021302130213020332121113021302
13021302130213021302033223312103212111302033212111302130213020332233121032121113
02130203321211130213021302130213021302130213021302033223312113212111302130213021
30213020332121113021302130213021302033223312100321211130213021302130213020332121
11302130213020332233121032121113021302033212111302130213020332233121003212111302
13021302130203321211130213021302033223312100321211130213021302130213020332121113
02033223312100321211130213021302130203321211130213020332233121032121113020332121
11302130213020332233121003212111302130213021302033212111302033223312100321211130
21302130203321211130213020332233121032121113021302130213020332121113021302130213
02130203322331210032121113021302130213020332121113021302130203322331210032121113
02130213021302130203321211130213021302033223312113212111302130213020332121113021
30213020332233121032121113020332121113021302130203322331210032121113021302130213
02130203321211130203322331210321211130213021302033212111302130213021302130203322
33121032121113021302033212111302130213021302130203322331210032121113021302130213
02130203321211130213021302130203322331210321211130203321211130213021302130213020
33223312103212111302130213020332121113021302130213021302033223312103212111302130
21302033212111302130213021302130203322331210010312101322331211321211130203321211
13020332233121013023121032121113020332121113020332233121013023121003212111302033
21211130203322331211321211130213021302130213020332121113021302130213021302033223
31210130231210321211130213021302130213020332121113021302130213021302033223312101
30231210032121113021302130213021302033212111302130213021302130203322331211321211
13021302130213021302130213020332121113021302130213021302130213020332233121013023
12103212111302130213021302130213021302033212111302130213021302130213021302033223
31210130231210032121113021302130213021302130213020332121113021302130213021302130
21302033223312113212111302130213020332121113021302130203322331210130231210321211
13021302130203321211130213021302033223312101302312100321211130213021302033212111
30213021302033223312113212111302130213021302033212111302130213021302033223312101
30231210321211130213021302130203321211130213021302130203322331210130231210032121
11302130213021302033212111302130213021302033223312103212111302130213021302033212
11130213021302130213021302130213021302130213020332233121013023121132121113021302
13021302033212111302130213021302130213021302130213021302130203322331210130231210
03212111302130213021302033212111302130213021302130213021302130213021302130203322
33121032121113021302130213021302130203321211130213021302130213021302130213020332
23312101302312113212111302130213021302130213020332121113021302130213021302130213
02130203322331210130231210032121113021302130213021302130203321211130213021302130
21302130213021302033223312103212111302130203321211130213021302033223312101302312
11321211130213020332121113021302130203322331210130231210032121113021302033212111
30213021302033223312103212111302033212111302130213021302130213020332233121013023
12113212111302033212111302130213021302130213020332233121013023121003212111302033
21211130213021302130213021302033223312103212111302130213021302130213021302130213
02033212111302130213021302130213021302130213021302130213021302130213020332233121
01302312113212111302130213021302130213021302130213020332121113021302130213021302
13021302130213021302130213021302130213020332233121013023121003212111302130213021
30213021302130213021302033212111302130213021302130213021302130213021302130213021
30213021302033223312100321211130213021302130213021302130213021302130213021302033
21211130213021302130213021302130203322331210130231211321211130213021302130213021
30213021302130213021302130203321211130213021302130213021302130203322331210130231
21032121113021302130213021302130213021302130213021302130203321211130213021302130
21302130213020332233121003212111302130213021302130213021302130213021302130213021
30203321211130213021302033223312101302312113212111302130213021302130213021302130
21302130213021302130203321211130213021302033223312101302312103212111302130213021
30213021302130213021302130213021302130203321211130213021302033223312100321211130
21302130213021302130213021302130213021302033212111302130213021302130213021302130
20332233121013023121132121113021302130213021302130213021302130213021302033212111
30213021302130213021302130213020332233121013023121032121113021302130213021302130
21302130213021302130203321211130213021302130213021302130213020332233121003212111
30213021302130213020332121113020332233121013023121132121113021302130213021302033
21211130203322331210130231210321211130213021302130213020332121113020332233121003
21211130213021302130213021302130213021302130213021302130213021302130213020332121
11302130213021302130213021302130213021302033223312101302312113212111302130213021
30213021302130213021302130213021302130213021302130213020332121113021302130213021
30213021302130213021302033223312101302312103212111302130213021302130213021302130
21302130213021302130213021302130213020332121113021302130213021302130213021302130
21302033223312100103121010322331211321211130213021302033023121010321211130203321
21113021302130203322331211321211130213021302130213021302033023121010321211130213
02130213021302033212111302130203322331211321211130213021302033023121010321211130
21302130203321211130203322331211321211130213021302130213020330231210103212111302
03321211130213021302130213020332233121132121113021302130213021302033023121010321
21113021302130213020332121113021302033223312113212111302130213021302033023121010
32121113021302033212111302130213020332233121132121113020330231210103212111302033
21211130203322331211321211130213021302130213020330231210103212111302130213021302
13020332121113020332233121132121113021302130213020330231210103212111302130213020
33212111302130203322331211321211130213021302130213020330231210103212111302130213
02130213020332121113020332233121001031210113223312113212111302033023121011321211
13021302130203321211130213021302033223312113212111302130213021302130203302312101
13212111302130213021302130213020332121113021302033223312113212111302130213020330
23121011321211130213021302033212111302033223312113212111302033023121011321211130
21302130213021302033212111302130213021302130203322331211321211130213021302130203
30231210113212111302130213021302130203321211130213020332233121132121113021302033
02312101132121113021302130213020332121113021302130203322331211321211130203302312
10113212111302033212111302033223312113212111302130213021302130203302312101132121
11302130213021302130203321211130203322331211321211130213021302033023121011321211
13021302130213020332121113021302033223312113212111302130213021302130203302312101
13212111302130213021302130203321211130203322331210010312100132233121132121113020
33023121001321211130203321211130203322331211321211130203302312100132121113020332
12111302130203322331211321211130203302312100132121113020332121113021302130203322
33121132121113020330231210013212111302033212111302130213021302033223312113212111
30203302312100132121113021302033212111302033223312113212111302130203302312100132
12111302130203321211130213020332233121132121113021302130203302312100132121113021
30203321211130213021302033223312113212111302130213021302033023121001321211130213
02033212111302130213021302033223312113212111302033023121001321211130213021302033
21211130203322331211321211130213021302033023121001321211130213021302033212111302
13020332233121132121113021302130213021302033023121001321211130213021302033212111
30213021302033223312113212111302130213021302130213021302033023121001321211130213
02130203321211130213021302130203322331211321211130203302312100132121113021302130
21302033212111302033223312113212111302130213021302033023121001321211130213021302
13020332121113021302033223312113212111302130213021302130213021302033023121001321
21113021302130213020332121113021302130203322331211321211130213021302130213021302
13021302130213020330231210013212111302130213021302033212111302130213021302033223
31211321211130203302312100132121113020332121113021302033223312113212111302130213
02130203302312100132121113021302130213020332121113021302033223312113212111302033
02312100132121113021302130203321211130203322331211321211130203302312100132121113
02033212111302130213021302033223312113212111302130213021302033023121001321211130
21302130213020332121113021302033223312113212111302130213020330231210013212111302
13020332121113021302130203322331211321211130203302312100132121113020332121113020
33223312113212111302033023121001321211130213021302130203321211130203322331211321
21113020330231210013212111302130213020332121113020332233121132121113020330231210
01321211130213021302130203321211130203322331211302032121113020332233121130213212
11130213020332233121130210321211130213021302033223312113021132121113021302130213
02033223312113021003212111302130213021302130203322331211302101321211130213021302
13021302130203322331211302110321211130213021302130213021302130203322331211302111
32121113021302130213021302130213021302033223312113021000321211130213021302130213
02130213021302130203322331211302100132121113021302130213021302130213021302130213
02033223312113021010321211130213021302130213021302130213021302130213020332233121
13021011321211130213021302130213021302130213021302130213021302033223312113021100
32121113021302130213021302130213021302130213021302130213020332233121130211013212
11130213021302130213021302130213021302130213021302130213020332233121130211103212
11130213021302130213021302130213021302130213021302130213021302033223312113021111
32121113021302130213021302130213021302130213021302130213021302130213020332233121
13021321211130213020332233121130210321211130213021302033223312113021003212111302
13021302130213020332233121130210003212111302130213021302130213021302130213020332
23312113021000032121113021302130213021302130213021302130213021302130213021302130
21302130203322331211302101321211130213021302130213021302033223312113021110321211
13021302130213021302130213021302130213021302130213021302130203322331211302103212
11130213021302033223312113021132121113021302130213020332233121130203212111302033
22331211302110132121113021302130213021302130213021302130213021302130213021302033
22331211302101132121113021302130213021302130213021302130213021302130203322331211
30213212111302130203322331211302100132121113021302130213021302130213021302130213
02033223312113021111321211130213021302130213021302130213021302130213021302130213
02130213020332233121130210003212111302130213021302130213021302130213020332233121
13021113212111302130213021302130213021302130203322331211302110321211130213021302
13021302130213020332233121130210032121113021302130213021302033223312113021100321
21113021302130213021302130213021302130213021302130213020332233121130210103212111
30213021302130213021302130213021302130213020332233121132121113021302130213021302
13021302130213021302033023121010321211130213021302130213021302130203321211130213
02130213020332233121130210013023121010302110302113223312113212111302130213021302
13021302130203302312101032121113020332121113021302130213021302130213020332233121
13021103023121010302030211032233121132121113021302130213021302130213021302130213
02130203302312101032121113021302130213021302130213020332121113021302130213021302
03322331211302101030231210103021103021003223312113212111302130213021302130213020
33023121010321211130213021302130203321211130213021302033223312113021013023121010
30211302103223312113212111302130203302312101032121113021302033212111302033223312
11302130231210103021302032233121132121113021302130213021302130213020330231210103
21211130213021302033212111302130213021302130203322331211302110302312101030210302
10032233121132121113021302130213021302130213021302130213021302130213020330231210
10321211130213021302130213021302130203321211130213021302130213021302130203322331
21130211003023121010302110302110322331211321211130213021302130213021302130213021
30203302312101032121113021302130213021302033212111302130213021302130203322331211
30210003023121010302100302100322331211321211130203302312100132121113020332121113
02130213020332233121130203023121001302030210322331211321211130213021302033023121
00132121113021302033212111302130213020332233121130210302312100130213021032233121
13212111302033023121001321211130203321211130213020332233121130203023121001302030
21322331211321211130203302312100132121113021302130213020332121113020332233121130
20302312100130211302032233121132121113020330231210013212111302033212111302033223
31211302030231210013020302032233121132121113020330231210013212111302130203321211
13020332233121130203023121001302130203223312113212111302130213021302130203302312
10013212111302130213020332121113021302130203322331211302100302312100130210302103
22331211321211130213021302130213021302130213021302130203302312100132121113021302
13021302033212111302130213021302033223312113021001302312100130211302113223312113
02110302110322331211302110321210103021302101332233121130211030231210103021302101
32233121130211030231210103021321210103021003021332233121130211030231210103021302
31210103021003021322331211302110321210103021302101332233121132121010302113021133
21210103021302101332233121132121010302113212101130210130210333212101030213021013
32233121132121010302113023121011302101302103321210103021302101332233121132121010
30211302312101130210130210330231210103021302101322331210010312111032233121110312
10101130213023121132121010113302132233121110312101011302103023121132121010113302
10322331211103121010113021130231211321210101133021132233121110312110100302130231
21132121101003302132233121110312110100302103023121132121101003302103223312111031
21101003021130231211321211010033021132233121110312101011302113023121130210013212
10013212101011332121010113332233121110312101011302100302312113021000032121001321
21010113321210101133322331211103121101013021130231211302100132121001321211010133
21211010133322331211103121101013021003023121130210000321210013212110101332121101
01333223312111031210101132121010330231211302111321210101130210030211332233121110
31211010032121010330231211302110032121101003021103021103322331211103121101013212
10103302312113021001321211010130211130210332233121110312110110321210113302312113
02132121101103021003021133223312111031211011132121011330231211302032121101113021
10302110332233121110312111000321210113302312113021013212111000302111302103322331
21110312110101321210013302312113021100321211010130210030211332233121110312110100
32121001330231211302100100321211010030211030211033223312111031210101132121001330
23121130211103212101011302111302103322331211103121010113212113302312101011302100
30210032233121110312101011321211330231210101130210032121010302103021033223312111
03121010113021302312111031211010030210302312113021132121010321210101133212110100
33322331211103121010113021030231211103121101003021113023121130210132121011321211
01003321210101133322331211103121010113212101033023121110312110100302113023121130
21003212101011302132121101003332233121110312101011302130231211321210101133021322
33121110312101011302130231211312312101011302132233121110312101011302100302312113
02100003212100132121010113321210101133322331211103121010113021003023121130210000
32121001312312101011312312101011332233121110312101011302100302312113021000030231
21001312312101011312312101011322331211302103023121110312101011302130231210103123
12101011302132233121130213023121110312101011302131231210101132233121130211103023
12111031210101130213021110322331211302100302312111031210101132121110312110100302
11302312101030213123121101003312312101011322331211302100302312111031210101132121
11031210101130211302312101030213123121010113312312101011322331211302030232121100
31210101131231210101133020322331211302130232121100312101011312312101011330213223
31211302103023212110031210101131231210101133021032233121130211302321211003121010
11312312101011330211322331211302100302321211003121010113123121010113302100322331
21130210130232121100312101011312312101011330210132233121130213023212110031210101
13023121010302131231210101133020322331211302103023212110031210101130231210103021
31231210101133021322331211302113023212110031210101130231210103021312312101011330
21032233121130210030232121100312101011302312101030213123121010113302113223312113
02101302321211003121010113023121010302131231210101133021003223312113021103023212
11003121010113023121010302131231210101133021013223312113020302321211003121010113
02312100131231210101131231210101133020322331211302130232121100312101011302312100
13123121010113123121010113302132233121130210030232121100312101011302312100131231
21010113123121010113302103223312113021001302321211003121010113023121001312312101
01131231210101133021132233121130210000302321211003121010113023121001312312101011
31231210101133021003223312113021100130232121100312101011302312100131231210101131
23121010113302101322331211302030232121100312110100302312100131231211010031231211
01003302032233121130213023212110031211010030231210013123121101003123121101003302
13223312113021003023212110031211010030231210013123121101003123121101003302103223
31211302100130232121100312110100302312100131231211010031231211010033021132233121
13021000030232121100312110100302312100131231211010031231211010033021003223312113
02110013023212110031211010030231210013123121101003123121101003302101322331211302
03023212110031210103023121001312312101031231210103302032233121130213023212110031
21010302312100131231210103123121010330213223312113021003023212110031210103023121
00131231210103123121010330210322331211302100130232121100312101030231210013123121
01031231210103302113223312113021000030232121100312101030231210013123121010312312
10103302100322331211302110013023212110031210103023121001312312101031231210103302
10132233121130203023212110030210130231210013123021013123021013302032233121130213
02321211003021013023121001312302101312302101330213223312113021003023212110030210
13023121001312302101312302101330210322331211302100130232121100302101302312100131
23021013123021013302113223312113021000030232121100302101302312100131230210131230
21013302100322331211302110013023212110030210130231210013123021013123021013302101
32233121110312101011321211003121101003023121001312312110100312312110100330231211
30211001302312101011302101322331211103121010113212110031211010030231210103123121
10100302133023121130211030231210101130210132233121110312101011321211003121010113
02312101031231210101130213302312113021103023121010113021013223312111031211010032
12110031210101130231210103123121010113021330231211302110302312110100302101322331
21130211010030231210013021003021101322331211302110100302321211003121010113023121
00131231210101130210033021101322331211302110100302321211003121010113023121100312
11010030231210013123121010113123121101003302110130210032233121130211010130232121
10031210101130231211003121101003023121010302130231210013123121010113123121101003
30211013021003223312111031211010132121100312101011302312110031211010030231210103
02130231210013123121010113123121101003302312113021101013023121101013021101302100
32233121101312111001302100111322331211302100111312312111001322331211312312111001
30210011132233121130211000130231210103021010312312111001322331211013121110013021
01000322331211312312111001302101000322331211302101000030231210013123121110013021
03223312110131211100130231210103021312312111001322331211312312111001302101001322
33121110312101011321210103021312312111001330231211013121110013123121010113223312
11312312111001302101010322331210010312110010322331211013121100103023121100312101
01130231210013123121010113123121010113223312113021001302312110010302113223312113
02101000130231211001030210013223312113021302312110010302132233121130210030231211
00103021032233121130203023121100103020322331210010312111010322331211013121110103
02312110031210101130231210103123121010113021322331211302100302312111010302113223
31211302101030231211101030210013223312113021030231211101030213223312113021130231
21110103021032233121130213023121110103020322331210010312132233121001031203223312
11013121302312113020302032233121101312030231211302030213223312113123121321211302
10302103322331211312312132121003021003021033223312113123121321211302130213322331
21131231213212100302110302100332233121131231213212103021130210033223312113212113
02101302101331231213223312113212113021130211331231213223312113212113021003021003
31231213223312113212113021130211331231213223312113212113020302033123121322331211
31231203212103021103021033223312113123120321210302100302103322331211312312032121
03021003021332233121131231203212100302030203322331211312312032121003020302101332
23312113212113021130210331231203223312113212100302103021133123120322331211321210
03021003021013312312032233121132121003021030211033123120322331211321210030213021
10331231203223312113123121312312132233121131231203123120322331210130231211312312
13123120322331210130231211312312031231213223312113212100302100302103321210302130
21003322331211321211302113021133212103021130210133223312113212113020302033212113
02100302100332233121132121003021103021003321210302113021013322331211321210302101
30211033212103020302103322331211321211302101302133212100302103021003322331211321
21003021003021103321210030213021133223312113212100302103021013321211302101302113
32233121132121030210302133212103021103021003322331211321210302110302103321210030
21003021013322331210130231211321210030203021332121130203020332233121013023121132
12103021103021003321211302101302101332233121013023121132121130210030210332121003
02130203322331210130231211321210030210130211033212103021302113322331210130231211
32121003021130211033212100302101302100332233121013023121132121130210302103321210
03020302113322331210130231211321210030210130210332121130210302113322331210130231
21132121003021003021332121030210302033223312101302312113212113021030210332121030
21130210332233121013023121132121030203021332121003021130210033223312100103121111
32233121130211100302312111132121030211302033021100030211100322331211302110113023
12111132121003021030210033021110130211011322331211302111013023121111321211302113
02133021010030211101322331211302101013023121111321211302030203302101013021101032
23312113021110130231211113212100302101302113302111013021011132233121130211010302
31211113212100302130203302110103021011032233121130210101302312111132121130211302
11330210101302110113223312113021011130231211113212100302100302100330211001302101
11322331210010312121003121003322331211013121210031210033023121100312101011302312
11003121101003023121111321210031231210101131231211010033123121010113123121101003
22331211302030231212100312100330203020322331211302130231212100312100330203021322
33121130210302312121003121003302030210322331211302130231212100312100330213020322
33121130213023121210031210033021302132233121130210302312121003121003302130210322
33121130210302312121003121003302103020322331211302103023121210031210033021030213
22331211302103023121210031210033021030210322331210010312121031210332233121101312
12103121033023121100312101011302312110031211010030231211113212103123121010113123
12110100331231210101131231211010032233121130203023121210312103302030203223312113
02030231212103121033020302132233121130203023121210312103302030210322331211302030
23121210312103302130203223312113021302312121031210330213021322331211302130231212
10312103302130210322331211302030231212103121033021030203223312113021302312121031
21033021030213223312113021030231212103121033021030210322331210010312121001312103
32233121101312121001312103302312110031210101130231211113212103123121010113021330
21302312100131231210101130231212100131210330231210113123121010113021322331211302
13023121210013121033021322331211302103023121210013121033021032233121130211030231
21210013121033021132233121130211000302312121001312103302100322331211302111100030
23121210013121033021013223312100103121213121001332233121101312121312100133023121
10031210101130231211003121101003023121111312312101011312312110100312312032233121
01302312121312100133123120312312032233121013023121213121001331231203123121322331
21013023121213121001331231213123120322331212131210013312312131231213223312113123
12030231212131210013312312031231203223312113123120302312121312100133123120312312
13223312113123120302312121312100133123121312312032233121131231213023121213121001
33123121312312132233121213121001332121130210302103321210030210030210332233121213
12100133212113021302133212100302110302100332233121213121001332121030211302100332
12113021013021013322331212131210013321211302113021133212113021003021003322331212
13121001332121130211302113321211302030203322331212131210013321210302101302111332
12100302101302113322331212131210013321210030210130210033212100302130203322331212
13121001332121003021130203321211302113021133223312121312100133212103021130210033
21210302113021103322331212131210013321210030210130210033212100302101302100332233
12101302312121312100133212100302110302100332121030211302133223312101302312121312
10013321210030211302133212100302113021133223312101302312121312100133212113020302
03321211302101302100332233121013023121213121001332121030210302100332121003021003
02110332233121013023121213121001332121130211302113321211302113021332233121013023
12121312100133212100302130210133212103021130211033223312101302312121312100133212
10302110302103321211302103021033223312101302312121312100133212100302103021013321
21130210130210133223312101302312121312100133212103021103021033212113021130211332
23312101302312121312100133212103021003021133212100302101302103322331210130231212
13121001332121030210130210033212113021302103322331210130231212131210013321210302
11030210033212113021013021332233121013023121213121001332121003021030211033212113
02130210133223312101302312121312100133212103021103021133212113021030211332233121
01302312121312100133212103021103021003321210030203021332233121013023121213121001
33212113021130210133212103021003021332233121013023121213121001332121130210030213
32121030210030210332233121013023121213121001332121030211030211332121130211302033
22331210130231212131210013321210302100302103321210302100302110332233121013023121
21312100133212100302100302133212103021013021033223312101302312121312100133212100
30203021332121003021113021013322331210130231212131210013321210302113021003321210
03021130211033223312101302312121312100133212100302130210332121003021103021003322
33121013023121213121001332121030203021332121130210030210133223312121312100133212
10302100302110332121030210130211133223312100103121213121010332233121101312121312
10103302312110031210101130231211003121101003023121111312312101011312312131231211
01003223312101302312121312101033123120312312032233121213121010331231203123121322
33121213121010331231213123120322331212131210103312312131231213223312113123120302
31212131210103312312031231203223312113123121302312121312101033123120312312132233
12113123121302312121312101033123121312312032233121131231213023121213121010331231
21312312132233121213121010332121130210302103321210030210030210332233121213121010
33212113021302133212100302110302100332233121213121010332121030211302100332121130
21013021013322331212131210103321211302113021133212113021003021003322331212131210
10332121130211302113321211302030203322331212131210103321210302101302111332121003
02101302113322331212131210103321210030210130210033212100302130203322331212131210
10332121003021130203321211302113021133223312121312101033212103021130210033212103
02113021103322331212131210103321210030210130210033212100302101302100332233121213
12101033212100302110302100332121030211302133223312121312101033212100302113021332
12100302113021133223312121312101033212113020302033212113021013021003322331212131
21010332121030210302100332121003021003021103322331212131210103321211302113021133
21211302113021332233121213121010332121003021302101332121030211302110332233121213
12101033212103021103021033212113021030210332233121213121010332121003021030210133
21211302101302101332233121213121010332121030211030210332121130211302113322331212
13121010332121030210030211332121003021013021033223312101302312121312101033212103
02101302100332121130213021033223312101302312121312101033212103021103021003321211
30210130213322331210130231212131210103321210030210302110332121130213021013322331
21013023121213121010332121030211030211332121130210302113322331210130231212131210
10332121030211030210033212100302030213322331210130231212131210103321211302113021
01332121030210030213322331210130231212131210103321211302100302133212103021003021
03322331210130231212131210103321210302110302113321211302113020332233121213121010
33212103021003021033212103021003021103322331212131210103321210030210030213321210
30210130210332233121213121010332121003020302133212100302111302101332233121213121
01033212103021130210033212100302113021103322331212131210103321210030213021033212
10030211030210033223312121312101033212103020302133212113021003021013322331212131
21010332121030210030211033212103021013021113322331211013121110113023121100312101
01130231211003121101003023121213121010332121003123121010113123121101003321211312
31210101131231211010033223312110131211110030231211003121010113023121100312110100
30231212131210103321210312312101011312312110100332121131231210101131231211010033
22331211101130203020322331211110030203020322331210130231211101130203021322331211
11003020302132233121013023121110113020302103223312111100302030210322331211101130
21302032233121013023121111003021302032233121110113021302132233121111003021302132
23312101302312111011302130210322331211110030213021032233121110113021030203223312
10130231211110030210302032233121110113021030213223312101302312111100302103021322
33121110113021030210322331211110030210302103223312100103121010132233121001031212
10101302033223312100103121210101302133223312110131210101302312110031210101130231
21100312110100302312110031211010130231211010131231210101131231211010032233121101
31212101013020330231211003121101013023121101013023121100312101011302312110031211
01003123121010113223312110131212101013021330231211003121101013023121101013023121
10031210101130231211003121101003123121101003223312111031210101132121010130203021
00330231211302030231212101013020331231210101132233121110312101011321210101302030
21003302312113021003023121210101302133123121010113223312111031210101132121010130
21103021033023121130211030231212101013020331231210101132233121110312101011321210
10130211030210330231211302103023121210101302133123121010113223312111031210101132
12101013021130210013302312113021130231212101013020331231210101132233121110312101
01132121010130211302100133023121130210013023121210101302133123121010113223312111
03121010113212101013021113023121010130210103021033023121130211130231212101013020
33123121010113223312111031210101132121010130211130231210101302101030210330231211
30210103023121210101302033023121210101302133123121010113223312111031210101132121
01013021113023121010130210103021033023121130210302312121010130213302312121010130
21331231210101132233121110312101011321210101302130231210101302111130210001330231
21130213023121210101302033123121010113223312111031210101132121010130213023121010
13021111302100013302312113021111302312121010130203302312121010130213312312101011
32233121110312101011321210101302130231210101302111130210001330231211302100013023
12121010130213302312121010130213312312101011322331211103121010113212101013021000
30231210101302111030210013302312113021000302312121010130203312312101011322331211
10312101011321210101302100030231210101302111030210013302312113021110302312121010
13020330231212101013021331231210101132233121110312101011321210101302100030231210
10130211103021001330231211302100130231212101013021330231212101013021331231210101
13223312111031210101132121010130211302312101013020302312101013021030231210101302
10030213302312113021130231212101013020331231210101132233121110312101011321210101
30211302312101013020302312101013021030231210101302100302133023121130203023121210
10130203302312121010130213312312101011322331211103121010113212101013021130231210
10130203023121010130210302312101013021003021330231211302103023121210101302033023
12121010130213302312121010130213312312101011322331211103121010113212101013021130
23121010130203023121010130210302312101013021003021330231211302100302312121010130
20330231212101013021330231212101013021330231212101013021331231210101132233121110
31210101132121010130211302312101013020302312101013021030231210101302100302133023
12113021302312121010130213302312121010130213302312121010130213302312121010130213
31231210101132233121001031212100101312110113322331210010312121001013121110332233
12100103121210010131211110133223312110131212100100312100101312110113121010113302
31212100101312110113302111032233121132121210010131211110133123121210010031210010
13121101131210101133302111032233121210010131211103312312121001003121001013121101
13121010113302111132233121132121210010131211110133123121210010031210010131211011
31210101133302111132233121210010131211103312312121001003121001013121101131210101
13302101322331212100101312111033123121210010031210010131211011312101011330211132
23312113212121001013121111013312312121001003121001013121101131210101133302111322
33121101312121001003121001013121101131211010033023121210010131211011330210113223
31211321212100101312111101331231212100100312100101312110113121101003330210113223
31212100101312111033123121210010031210010131211011312110100330210110322331211321
21210010131211110133123121210010031210010131211011312110100333021011032233121132
12121001013121111013312312121001003121001013121101131210101133302111322331211302
11101321210103212121001013121111013312312121001003121001013121101131210101133302
31212100101312111101331231212100100312100101312110113121101003332233121111321211
32121210010131211110133123121210010031210010131211011312101011333021113321212100
10131211103312312121001003121001013121101131210101133021011000332121210010131211
10331231212100100312100101312110113121010113302110001133223312113212121001013121
11101331231212100100312100101312110113121010113330210110003223312111132121132121
21001013121111013312312121001003121001013121101131210101133302111332121210010131
21110331231212100100312100101312110113121010113302101100033212121001013121110331
23121210010031210010131211011312101011330211000113322331211321212100101312111101
33123121210010031210010131211011312101011333021100011322331210010312111110322331
21101312121111103121111113302312110031211111130231211003121000000302312111132121
13123121111113021332121100312101011302312100000030213123121010113302312110031210
10113023121211111031211111133212101131231211111130213302312110031211010030231211
00312110101302312100000032121010302131231211010033023121010131231210101131231211
01013223312110131211111030231211003121111113023121111321211312312111111302033212
10101302030203321212111110312111111331231211111131231210101332233121001031210000
03223312113123121000003123121000003223312101302312113123121000003020322331210130
23121131231210000030213223312101302312113123121000003021032233121001031212111110
30203322331211013121211111030203302312110031212101011312111110330231211113212113
02030231212101013020331231212101011312111110333123121000003023121111321211302130
23121210101302033123121210101131211111033321212101013021331231212101011312111110
33302312121010130203302312121010130213312312121010113121111103322331210010312121
11110312100000133223312110131212111110312100000133023121100312121010113121111103
30231211113212113020302312121010130203312312121010113121111103331231210000030231
21111321211302130231212101013020331231212101011312111110333212101013020302033023
12101013212101132121210101302033123121210101131211111033302133023121210101302133
02312121010130213312312121010113121111103322331211302100013023121211111030203302
32121111103021003302100013021003021130203223312113021110302312121111103020330232
12111110302100133021110302030211003021001130210113021001302100030203021000132233
12113021000030231212111110302033023212111110302110330210000302100130203021000130
21000130210103223312113021013023121211111030203302321211111030210133021013021130
21302101302101132233121130211113023121211111030203302321211111030210013302111130
21010302110030210030211013021103021101302130211032233121130210030231212111110302
03302312121111103121000001330232121111103021010330213021003021130211130203021302
10302101130211013021132233121130211302312121111103020330231212111110312100000133
02321211111030210133021111302113021001130210000302100013223312113021000302312121
11110302033023121211111031210000013302321211111030211033021103021000302110130210
01302100103021032233121130211302312121111103020330231212111110312100000133023212
11111030210003302101302113021010302110130210302100030211030211003223312113021011
30231212111110302033023121211111031210000013302321211111030210103302111030210113
02100103021001302100130210113021130210103021000030210322331211302100003023121211
11103020330231212111110312100000133023121211111031210000013302321211111030211133
02100113021113021000030210001302110030213021001032233121130210010302312121111103
02033023121211111031210000013302312121111103121000001330232121111103021103302100
00302100130210010302101302101130210001322331211302111130231212111110302033023121
21111103121000001330231212111110312100000133023212111110302100330213020302111130
21001032233121130210030231212111110302033023121211111031210000013302312121111103
12100000133023212111110302110330203020302100302100113021302101322331211302111302
31212111110302033023121211111031210000013302312121111103121000001330232121111103
02100330211130213021113021110322331210010312100001032233121101312100001031231212
10101302033223312113021003023121000010302321211111030210033021302100130211302110
32233121130213023121000010302321211111030213302110322331211302100130231210000103
02321211111030210013302110302103021013021000302111302100302130211302032233121130
21113023121000010302321211111030211133021103020302130210013021003021013021032233
12113021103023121000010302321211111030211033021030210030211130203021130210003223
31210010312100001132233121101312100001130231211003121210101131211111033023121100
31211111130231211113212113020302312121010130203312312121010113121111103331231210
00003023121111321211312312111111302033212121111103020331231212101011312111110333
02312100001132121211111031210000013312312121010113121111103330231210113123121111
11302132233121130211113023121000011322121111103021003302101302100030211113021133
02103223312113021113023121000011322121111103021113302110030210011302030211113021
30210003021113302110322331211302100302312100001132212111110302103302100302110330
20322331211302110130231210000113221211111030210033021011302101030211013021000330
21032233121130210302312100001132212111110302110330210013021030210013021000302101
03021100330213223312113021113023121000011322121111103021003302100103021113021100
30211013302132233121130210302312100001132212111110302100133021130211302101302110
30210302100003021010302130213302100322331211302110130231210000113221211111030211
13302101130211013021001302110030210130211130210133021322331211302100013023121000
01132212111110302100133021101302100013021110302100003020302103021001302113021013
30213223312113021302312100001132212111110302100133021001030210103021003021302100
01302100103021000302100030210003302113223312100103121110132233121110130231211003
12101011302132233121013023121110130213223312101302312111013023121010302130213223
31211101302312110031211010030231210103123121101003021032233121110131231210013223
31210130231211101302312113021302103223312100103121000100322331211013121000100302
31211003121010113023121100312110100302312111132121013023121132121110131231210101
13321211101312312110100333123120302312111132121110131231210101133212100010131231
21010113123121101003321211312312101011312312110100332233121001031210001013223312
11013121000101302312110031210101130231211003121101003023121111321210130231211321
21000010312312101011332121000010312312110100333123120302312111132121130203023121
00001031231210101133123121302312111132121013023121000100321212111110302033123121
01011332121211111030203312312110100333123120302312100010132121211111031210000013
31231210101133212121111103121000001331231211010033223312100010030213021322331210
00100322121111103021033021013021133221211111030210330210130211332233121013023121
00010032212111110302103302101302113322121111103021133021013021130210013322331210
13023121000100322121111103021033021013021133221211111030210330210130210033223312
10130231210001003221211111030210330210130211332212111110302103302100302113322331
21013023121000100322121111103021033021013021133021100322331210001003221211111030
21133021013021130210013322121111103021133021013021130210013322331210001003221211
11103021133021013221211111030210330211113021330210013322121111103021133021013221
21111103021033021111302133021001332233121013023121000100322121111103021133021013
22121111103021033021111302133021001332212111110302113302101322121111103021033021
11030213302100133223312101302312100010032212111110302113302101302113021001332212
11111030211330210132212111110302103302111030213302100133223312113212121111103020
33023212111110302100033021113021111302100103021011302110130203021101302110330211
13223312100010132121211111031210000013302321211111030210003302111302111130210010
30210113021101302030211013021103322121111103021113302111130210010302101130211013
02030211013021103322331211321212111110302033023212111110302100133021113021000130
21011302101030213021130210010302110130210133021113223312100010132121211111031210
00001330232121111103021001330211130210001302101130210103021302113021001030211013
02101332212111110302100033021000130210113021010302130211302100103021101302101332
23312113212121111103020330232121111103021113302030211113021111302101030211003021
03021003302032233121000101321212111110312100000133023212111110302111330203021111
30211113021010302110030210302100332212111110302110330211113021111302101030211003
02103021003322331211321212111110302033023212111110302101330210010302110030211302
10010302100033021001032233121000101321212111110312100000133023212111110302101330
21001030211003021130210010302100033221211111030210033021100302113021001030210003
32233121132121211111030203302321211111030210330210001302110133021000132233121000
10132121211111031210000013302321211111030210330210001302110133221211111030213302
11013322331211321212111110302033023212111110302101330210130211030213021001130211
01330210132233121000101321212111110312100000133023212111110302101330210130211030
21302100113021101332212111110302100330211030213021001130211013322331211321212111
11030203302321211111030210013302101302130211030211103021103021111302100302100003
02101330210132233121000101321212111110312100000133023212111110302100133021013021
30211030211103021103021111302100302100003021013322121111103021000330213021103021
11030211030211113021003021000030210133223312113212121111103020330232121111103021
00330210000302100030211030210010330210000322331210001013212121111103121000001330
23212111110302100330210000302100030211030210010332212111110302113302100030211030
21001033223312113212121111103020330232121111103021133021001302130213302100132233
12100010132121211111031210000013302321211111030211330210013021302133221211111030
21033021302133223312113212121111103020330232121111103021003302101130210000302101
13021033021011322331210001013212121111103121000001330232121111103021003302101130
21000030210113021033221211111030211330210000302101130210332233121001031210001103
22331211013121000110302312110031210101130231211003121210101131211111033023121010
13212101032121210101302033123121210101131211111033302133212111132121132121210101
30203312312121010113121111103330203312312101011302312101013123121010113023121210
10130213312312121010113121111103332233121000101321210001103021110302321211111030
20333221211111030213302111033223312100010132121000110302110302321211111030213302
10033221211111030210330211030210033223312100010132121000110302100113023212111110
30210330210001302111033221211111030211330210011302100013021110332233121000101321
21000110302110130232121111103021133021100302111302100003322121111103021003302110
13021100302111302100003322331210001013212100011030210030232121111103021003302111
13021001030211030210103322121111103021013302100302111130210010302110302101033223
31210001013212100011030210003023212111110302101330210302100113021111302110130211
01332212111110302110330210003021030210011302111130211013021101332233121000101321
21000110302101130232121111103021103302030210001302111130210030210103021113322121
11110302111330210113020302100013021111302100302101030211133223312100010132121000
11030211113023212111110302111330210302110030210010302110030210030213021100332212
11111030210003302111130210302110030210010302110030210030213021100332233121001031
21211111030210332233121001031210001113223312100103121001000322331211013121211111
03021033023121111103021032233121101312100011130231211003121210101131211111033023
12121111103020331231212101011312111110332233121101312100100030231211003121210101
13121111103302312121111103020330231212111110312100000133123121210101131211111033
22331210001013212121111103021033021003021013302321211111030210330210030210132233
12113212100011130231212111110302103302100302101330210032233121132121001000302312
12111110302103302100302101330210132233121000101321212111110302103302110302100330
23212111110302103302110302100322331211321210001113023121211111030210330211030210
03302110322331211321210010003023121211111030210330211030210033021003223312100010
13212121111103021033021000302100133023212111110302103302100030210013223312113212
10001113023121211111030210330210003021001330210003223312113212100100030231212111
11030210330210003021001330210013223312100103121001001322331211013121001001302312
11003121210101131211003302312110031212101011312111110330231211113212113020302312
10000103123121210101131211111033321211111030203302312100011032121210101131211003
30231212111110302033123121210101131211111033321210010013123121210101131211003302
31212111110312100000133123121210101131211111033322331210001013221211111030211330
21100302100010302110330231210010013212110031210101130231210013123121010113021033
02321211111030211330211030210001302113223312100010132212111110302100330210001030
21010030211103021000330231210010013212110031210101130231210013123121010113021033
02321211111030210033021000130210103021113021003223312100010132212111110302101330
21000302100302100003020302110330231210010013212110031210101130231210013123121010
11302103302321211111030210133021003021030210003020302113223312100010132212111110
30211033021001003021003021110030210103021103021010033023121001001321211003121010
11302312100131231210101130210330232121111103021103302100103021030211103021013021
13021010322331210001013221211111030211330210101030210101030210101033023121001001
32121100312101011302101010330232121111103021133021000030210302101132233121000101
32212111110302100330210101030210101030210101030210101033023121001001321211003121
01011302101010330232121111103021003302111130210010302110302032233121000101322121
11110302101330210101030210101030210101030210101030210101033023121001001321211003
12101011302101010330232121111103021013302100113021011302101302100013021032233121
00010132212111110302110330210101030210101030210101030210101030210101030210101033
02312100100132121100312101011302101010330232121111103021103302101130210011302101
30211302110030211032233121001031210010103223312110131210010103023121100312121010
11312110033023121100312121010113121111103302312111132121130203023121000010312312
12101011312111110333123121000003023121111321211302130231210000103123121210101131
21111103332121211111030203312312121010113121111103330231212101011312110033212121
11110302033123121210101131211111033321210010103123121210101131211003302312121111
10312100000133123121210101131211111033322331211302101013023121001010312312101030
23212111110302113302113021113021011322331211302101011302312100101031231210103023
21211111030210033021101302101130210011302032233121130210100130231210010103123121
01030232121111103021013302100130210302101030210003021100322331211302110010302312
10010103123121010302321211111030211033021010302130210302110030211103021011322331
21001031211001322331211013121211001312100101133123121100132233121101312110013023
12110031210101130231211113212113123121010113021000003302100000030231212110013121
00101133123121010113223312113021000003021000000322331211321210103021000003021000
00033021000000032233121101312110013123121211001312100101133223312101302312113021
00000302100000032233121132121010302100000302100000033021100000322331210010312100
00322331211013121100130231211003121010113023121111321210130231211101312312101011
33212121100131210010113312312101011330231211113212101302312113121000030231212111
11030203312312101011332121211001312100101133123121010113302312110013023121000110
32212111110302103312111110302312100001030231212111110312100000133123121010113302
31212111110312100000133123121010113223312100010132121000030213021030211330232121
11110302113302130210302113223312100103121211111031210011003322331211013121211111
03121001100302033023121100312121010113121111103302312110031211010030231211003121
11111302312111132121132121000010312312121010113121111103330203312312100000302312
11113212100010032121211111030203312312121010113121111103331231211010033123121111
11302312121111103121001100302033212121111103121000001331231212101011312111110333
12312110100321210103123121111113021332233121101312121111103121001100330231211003
12121010113121111103302312110031211010030231212111110312100110030203312312121010
11312111110331231211010030203223312113212121111103121001100332212111110302100330
21000130210030211302033020330211322331211321212111110312100110033221211111030210
00330203021100302100113021011302100130210003020302100013302100133021003223312113
21212111110312100110033221211111030210013302100130203021000130210001302101030210
00302101302113021330210001330210322331211321212111110312100110033221211111030211
03302100013021111302101030211003021003021101330211113302132233121132121211111031
21001100332212111110302111330213021103021001030213021003021130211133021330203223
31211321212111110312100110033221211111030213302103302103302032233121132121211111
03121001100332212111110302111330211302111302111130211302100113021000030210001330
21133020322331211321212111110312100110033221211111030210033021000302110130210013
02100103302100033020322331211321212111110312100110033221211111030210003302101302
11302101030211013021030210003021103021100330211003302111322331211321212111110312
10011003322121111103021000330210113021001030210013021001302101130211302101030210
00033021001033021322331211321212111110312100110033221211111030210033021001130211
03021111302100003302101133123121000003223312113212121111103121001100332212111110
30211033020302130210130210011302103021000330211133123121000003223312113212121111
10312100110033221211111030210003302100103021030210001302111302110030211302101130
21000330211033123121000003223312100103121001101322331211013121001101302312110031
21010113023121000011312312101011302312101132121000010312312101011330213223312100
10312100111032233121101312100111030231211003121010113023121111321211101130213023
12100001031231210101133212100003302312100011032121211111030203312312101011330231
21001110302312121111103121000001331231210101132233121130211113023121001101302312
10000302100302101302111132233121000101321210000302100302101330231210011103023121
00003021003021013021111322331210010312121111103121001111332233121101312121111103
12100111133023121100312121010113121111103302312111132121111003212100001031231212
10101131211111033302133123121210101131211111033023121000110321210011013123121210
10113121111103330231212111110312100111133023121001110312312121010113121111103322
33121000101321212111110312100111133023121000030213021030211332121000030211302103
02133223312100010132121211111031210011113302312100003021100103021302100001302110
00113321210000302110001130210000130213021100103322331210010312101000032233121101
31210100003023121100312101011302312110031210100013023121111321211302030231210000
10312312101000133212100003123121010113302312100011032121211111030203302312312101
00013302312101000031231210101130231212111110312100000133123121010001322331210001
01321210000302130210302101330231210100003021013023121000030213021032233121001031
21010010322331211013121010010302312110031210100113023121100312101000130231211113
21211302030231210000103123121010001331231210100013023121111321210130231210100113
02312121111103020331231210100013321210100103123121010011302312121111103121000001
33123121010001330231210001103212121111103020331231210100013321210100103123121010
01130231212111110312100000133123121010001332233121000101321210000302111030210011
30211013302312101001032121100312101011302312100312312101011302101033023121000030
21302111030210011302113021101302030210032233121001031210101003223312110131210101
00302312110031210101130231210113020312312101011322331211302030231210103021003023
12101010030210032233121130210003023121010302101030231210101003021032233121001031
21001113223312113021010003023121001113021010003021322331211302101003023121001113
02101000302103223312113021010302312100111302101000302100322331211302101302312100
11130210100030210003223312113021302312101032121001113021302103321210011130213021
03322331211302103023121010321210011130211302103321210011130213021033223312113021
30231210103212100111302113021013321210011130210302101332233121001031210101013223
31211013121010101302312110031210101130231211113212100312312101011302033123121010
11321210113020312312101011332233121130210030231210101013021003223312113021003023
12101010130231210101003021003223312100103121010110322331211013121210010031210101
11330231210011130213021001110001000032233121101312101011030231211003121010111302
31211003121010113023121100312110100302312103212101010130231210113123121010113123
12110100331231210101113223312101302312101011031231212100100312101011133021302103
22331210130231210101103123121210010031210101113302103021322331210101103123121210
01003121010111330210302103223312101011031231212100100312101011133021030231210103
02103212100111312312121001003121010111330210332233121013023121010110312312121001
00312101011133021030231210103021032121001312312121001003121010111330210332233121
00103121011000322331211013121011000302312110031212101011312101133023121100312121
01011312101033023121111321211110031231212101011312101033123121210101131210113332
12100003302312100011031231212101011312101133023121011000321210103021312312121010
11312101133312312121010113121010332233121130211030231210010103123121010302312101
10003020302100322331211302110030231210010103123121010302312100100132121100312101
01130231210013123121010113021033023121011000302030210032233121130211302312100101
03123121010302312101100030211302100322331210010312101110322331210130231210111030
21322331210111030210322331210130231210111030211322331210111030210032233121013023
12101110302101322331210010312101100132233121101312101100130231211003121010113023
12101302312101110312312101011322331210110013021322331210111030210322331210110013
02113223312101110302100322331210110013021013223312100103121011010322331211013121
01101130231211003121210101131211111033023121100312110100302312110031211010130231
21111321211302030231210000103023123121210101131211111033302030231210103212100131
23121101013023121211111030203312312121010113121111103330231210110113212121111103
12100000133123121210101131211111033312312110100321210013123121101003123121101013
32233121101312101101030231211003121010113023121100312121010113121111103302312101
03123121010113023121011011312312121010113121111103321210011130213021010332121001
11302130210103322331210101103123121210010031210101113321210011130213021133023121
01101030203023121000030211302113021130211302113021132233121010110312312121001003
12101011133212100111302100130211133023121011010302130231210000302103021000302101
30211130213021003223312100103121010003223312110131212101000312101110033023121001
01031231210103023121001001321211003121010113023121001113021302312121001312103312
31210101133023121011000302030211001003223312101011031231212100100312101011133123
12101000312312121010003121011100332233121010110312312121001003121010111331231210
10003023121011010302103023121000030211130213021000302103021000322331210010312101
00132233121101312121010013121011101330231211003121010113023121001113212111132121
01110312312101011332121010100302133021330231210013212100131231210101130210330231
21001321210103021302312100131231210101130210332121010302103023121001312312101011
30210332233121101312121010013121011100330231210103021130231210013021003023121001
01031231210103023121001001312312121010013121011101330231210110003021302110010032
23312101011031231212100100312101011133123121010013123121210100131210111003322331
21010110312312121001003121010111331231210100130231210110103021130231210000302130
21003021302101302100130210302110302101302113021013223312100103121210111103021010
33223312110131212101111030210103302312110031211111130231211113212113123121111113
02033021302312111031210111013212111132121110113123121111113020330210103212100111
30213021010333023121001010312312100130231210010013212110031210101131231210111013
30231210110003020321210101013123121111113322331211013121210110113121133023121100
31210101130231211003121101003023121111321211312312101011312312110100331231213023
12101011032121001113212101031231210101131231211010033021100001101010000003312312
10101131231211010032233121210110113121133021010302312121011110302101033021322331
21210110113121133021100100302312121011110302101033021032233121210110113121133021
11110100030231212101111030210103302113223312121011011312113321210011130213021010
33023121210111103021010330231210101003021322331212101101131211332121001113021302
11001003302312121011110302101033023121010100302103223312121011011312113302130231
21210111103021010330203223312110131212101101031210111103302312110031212101011312
10111103302312110031212101011312110001330231211003121210101131211111033023121001
32121210111103021010331231212101011312101111033321210110103123121210101131211000
13312312121010113121111103332233121210110113121133021011111101030231212101101031
21011110330211302130231210000302101302113223312121011011312113302111011110001003
02312121011010312101111033021003021302312100003021013021132233121210110113121133
21210110103021302312100003021013021133023121210110103121011110330203021302312100
00302101302113223312121011011312113321210110103020302312100003020302030213021013
02113302312121011010312101111033212101010030211330213023121000030210130211322331
21001031212100001312110001332233121101312121000013121100013302312110031210101130
23121100312111111302312111132121131231211111130203302130231211103121011101321211
11321211101131231211111130203312312101011321210011130213123121010113330231210010
10312312100130231210010013212110031211010031231210111013302312101100030203212101
01013123121111113322331211302110010030231212100001312110001330210103021032233121
13021100130231212100001312110001330210130210322331211302100302312121000013121100
01330210302103223312113021000302312121000013121100013302103021132233121130210000
30231212100001312110001330210302100322331211302130231212100001312110001330210302
03223312113212100111302130210330231212100001312110001330210302312101010030213223
31210010312100001322331211302130231210000130210302032233121130210302312100001302
10302132233121130210030231210000130210302103223312113021000302312100001302103021
13223312113021000030231210000130210302100322331211302130231210000130211302032233
12113021130231210000130211302132233121130210013023121000013021130210322331211302
11011302312100001302113021132233121130210100013023121000013021130210032233121130
21302312100001302100302032233121130210030231210000130210030213223312113021000030
23121000013021003021032233121130210000003023121000013021003021132233121130210000
00003023121000013021003021003223312113021302312100001302101302032233121130210130
23121000013021013021322331211302110013023121000013021013021032233121130211111013
02312100001302101302113223312113021001110001302312100001302101302100322331212101
10113121133021302312100001302103020322331212101101131211332121011010302130231210
00030213021000302100130210302033023121000013021032121011010302030231210000302103
02101332233121210110113121133212101101030213023121000030210030213021003021030213
30231210000130210321210110103020302312100003021013322331212101101131211332121011
01030213023121000030211030210003021302111302100133023121000013021032121011010302
03023121000030211130210133223312121011011312113302103023121000013021030213223312
12101101131211332121011010302103023121000030211302111302100030210030213302312100
00130210321210110103021302312100003021030210133223312121011011312113321210110103
02103023121000030210003021030210003021003021033023121000013021032121011010302130
23121000030210133223312121011011312113321210110103021130231210000302113021103021
13021013021000330231210000130210321210110103021302312100003021113021013322331212
10110113121133021003023121000013021030210322331212101101131211332121011010302100
30231210000302111302101302110302100030210330231210000130210321210110103021030231
21000030210302101332233121210110113121133212101101030210130231210000302110302101
30211030210003021013302312100001302103212101101030210302312100003021013322331212
10110113121133212101101030211030231210000302111302103021113021302111330231210000
13021032121011010302103023121000030211130210133223312121011011312113302100030231
21000013021030211322331212101101131211330213023121000013021130203223312121011011
31211332121011010302130231210000302113021302110302030211133023121000013021132121
01101030203023121000030210302101332233121210110113121133212101101030213023121000
03021113021130210302030210133023121000013021132121011010302030231210000302101332
23312121011011312113321210110103021030231210000302103021113021001302101302033023
12100001302113212101101030203023121000030211130210133223312121011011312113302113
02312100001302113021322331212101101131211332121011010302113023121000030210013021
00302100030210302103302312100001302113212101101030213023121000030210302101332233
12121011011312113321210110103021013023121000030213021001302110302130210133023121
00001302113212101101030213023121000030210133223312121011011312113321210110103021
10302312100003021000302113021000302101302103302312100001302113212101101030213023
12100003021113021013322331212101101131211330210013023121000013021130210322331212
10110113121133212101101030210113023121000030210003021003021003021103021103302312
10000130211321210110103021030231210000302103021013322331212101101131211332121011
01030211113023121000030210130210003021000302100302101330231210000130211321210110
10302103023121000030210133223312121011011312113321210110103021010030231210000302
10130213021013021013021103302312100001302113212101101030210302312100003021113021
01332233121210110113121133021101130231210000130211302113223312121011011312113302
13023121000013021003020322331212101101131211332121011010302130231210000302100302
13021003021030213302312100001302100321210110103020302312100003021030210133223312
12101101131211330210302312100001302100321210110103020302312100003021013322331212
10110113121133212101101030210302312100003021000302103021000302100302103302312100
00130210032121011010302030231210000302111302101332233121210110113121133021003023
12100001302100302132233121210110113121133212101101030210130231210000302110302101
30211030210003021013302312100001302100321210110103021302312100003021030210133223
31212101101131211330210003023121000013021003212101101030213023121000030210133223
31212101101131211332121011010302101130231210000302113021302113021113020330231210
00013021003212101101030213023121000030211130210133223312121011011312113302100003
02312100001302100302103223312121011011312113321210110103021011030231210000302110
30210302111302100302133023121000013021003212101101030210302312100003021030210133
22331212101101131211330210000030231210000130210032121011010302103023121000030210
13322331212101101131211332121011010302101101302312100003021030210130210030210003
02113302312100001302100321210110103021030231210000302111302101332233121210110113
12113302100000030231210000130210030211322331210010312101111132233121101312121011
11131210111003302312110031210101130231210010103123121010302312100100132121100312
11111130231210011132121210000131211000133123121010113123121111113302312121001312
10331231211111133023121011000302030211001032233121210110113121133123121010003023
12121011111312101110033021322331211013121211000003021010312101110033023121011010
30210302312100003021130203021030210130210003021013020302100130210302100130210013
22331212101101131211332121210000131211000133021010302103321212101111131210111003
30231210013021031231212110000030210103121011100333223312121011011312113321212100
00131211000133021010302113321212101111131210111003302312100130211312312121100000
30210103121011100333223312121011011312113321212100001312110001330210103021003321
21210111113121011100330231210013021003123121211000003021010312101110033322331211
01312110000130231211003121210101131211111033023121111321211101130213023121000010
31231212101011312111110333123121302312121312100133212113212100001131231212101011
31211111033020332121000011312312121010113121111103302133321211000013023121211111
03121000001331231212101011312111110333223312110000130231210000302103021030210322
33121013023121100001302312100003021030210302132233121013023121100001302312100003
02103021302103223312101302312110000130231210000302130210302103223312100103121100
01032233121101312110001030231210010103123121010322331210010312101010322331211321
21010100302133023121001312312101010312312101010322331211013121100011302312110031
21010113023121100312110100302312101031231210101130231210013123121101003123121010
10322331211321211000113021013021103302312101032121100011302113021033212110001130
21030210033223312113212110001130211130210110330231210013212110001130210130210033
21211000113021130210332233121132121100011302101030210003302312100132121100011302
10130210033021032233121132121100011302101030210003302312100130210321211000113021
01302100332233121132121100011321210011130211030211001332121001113021000130211001
33302312100111321211000113021130210332121100011302100302312101010030211332233121
10000130231210000321210103021113023121001302101103123121010103321210013212101030
21013023121001302100312312101010332121010302113023121001302103123121010103332121
10001030231210000321210013021013021133212100130210132121001302103123121010103332
12100132121001302100312312101010330211332121001321210013021003123121010103321210
01302103123121010103333212110001030231210000302111132121001302101031231210101033
21210013021100312312101010332121010100302100033321211000103023121000032121010302
11113212101010030210003332121001321210103021010302110033123121010103332233121210
11011312113302030231210103021302312121011111312101110033023121001312312101001312
31210101032233121001031211001003223312110131212110013121100100312100101133123121
10013223312110131212110013121100100330231211003121010113023121100312110100302312
11113212113020302312100001031231210101133212110013123121101003302312121100131211
00100332121211111031210000013312312101011330231210000312111032121211111030203302
31212111110302033123121010113321212111110302033023121211111031210000013302312121
11110302033123121010113312312110100322331211013121100130231211003121010113023121
11132121013023121110131231210101133212121100131211001003121001011331231210101133
02312111132121013023121131211001003023121211111030203312312101011332121211001312
11001003121001011331231210101133023121211001312110010033212121111103020330231212
11111031210000013312312101011332121211111030203302312121111103121000001330231212
11111031210000013312312101011332233121100100322121010113021010033302312113123121
01011302101003223312110010032212101011302110010332121101003021010033302312113021
11103023121011312312101011312312110100322331211321211001003221210101130210103330
23121010312312101011302101332121110312101011302101030231210103123121010113021013
32233121132121100100322121010113021010333023121010312312101011302101332212110031
21010113023121010312312101011302101330210103322331211321211001003221210101130210
10332121101003021013330231210103123121010113123121101003321211103121010113021010
30231211103121101003021013023121010312312101011312312110100332233121132121100100
32212101011302101033212110100302101333023121010312312101011312312110100332212110
03121010113023121100312110100302312101031231210101131231211010033021010302101332
23312100103121101032233121101312121100131211010312100101133123121100132233121101
31211001302312110010032212121010113121100133123121211001312110103121001011333302
31211003121010113023121111321210130231211101312312101011332121210101131211001331
23121010113302312111132121013023121131211010302312121111103020331231210101133212
12101011312110013312312101011330231211001003221212101011312111110330231212111110
30203302312121111103121000001331231210101133212110100302312121111103020330231212
11111031210000013302312121111103121000001331231210101133302312111132121130203023
12100001031231212101011312111110333212110013123121101003302312110013023121000031
21101032121001110312312121010113121111103330231210000312110032121001101312312121
01011312111110333123121101003223312113021000302321211010321210101131211010033023
12101131231210101131231211010033021000302032233121130210302321211010321210101131
21101003302312101131231210101131231211010033021003021032233121130211302321211010
32121010113121101003302312101131231210101131231211010033021001302110322331211302
11302321211010321210101131211010033023121011312312101011312312110100330210030213
22331211302030232121101032121010113121101003302312101131231210101131231211010033
02100302100322331210010312110010132233121001031212110312111133223312110131212110
31211113302312110031210101130231211003121101003023121100312110101302312101011312
31211010031231211010132233121001031212110312133223312110131212110312133023121100
31211010030231211003121101013023121101003223312100103121211031203322331211013121
21103120330231211003121101003023121100312110101302312110101322331210010312121103
12101013322331211013121211031210101330231211003121010113023121100312110100302312
11003121101013023121211031211113312312110101312312101011312312110100322331210010
31212110312101013020332233121101312121103121010130203302312110031210101130231210
10113123121211031213322331210010312121103121010130213322331211013121211031210101
30213302312110031210101130231210101131231212110312033223312100103121211030203322
33121101312121103020330231211003121101003023121100312101011312312101011322331210
01031212110302133223312110131212110302133023121100312110100302312110031210101130
23121101003123121010113223312100103121211030210332233121101312121103021033023121
10031211010030231211003121010113023121101003212110100312312101011332233121001031
21211031211001103322331211013121211031211001103302312110031211111130231211003121
10100302312110031210101130231211010032212111111312312110100331231210101133223312
10010312121103121010332233121101312121103121010330231211003121010113023121100312
11010030232121010113123121211031211001103331231211010032233121001031212110312100
13322331211013121211031210013302312110031210101130231211003121101003023212101011
32121211031210103312312110100333123121211030203322331210010312121103121100111332
23312110131212110312110011133023121100312121010113121103302312121103121010130213
30232121210101131211033212110031212101011312110033023121211031210101332121211031
21100110330231212110312101013020331231212101011312110033321212110312101013020331
23121210101131211003333321212110312101013312312121103020331231212110302033322331
21001031212110312113020332233121101312121103121130203302312110031212101011312110
33023212121010113121103321211003121101003123121211031203331231212110312133322331
21001031211010003223312110131211010003023121100312101011302321211003121101003023
12101011321211010031231211010033321211003121101003023121010113212110100312312110
10033322331210010312121103121100013121111013322331211013121211031211000131211110
13302312110031211010030231211010032121100312101011302312101031231210101130213302
03223312113020321212110312110001312111101331231212110302033322331211302132121211
03121100013121111013312312121103021333223312113021032121211031211000131211110133
12312121103021033322331211013121211000131211031211110133023121100312101011302312
11113212113020312312101011331231212110302033212121103121100110330231212110001312
11031211110133023121011312312101011302133223312100103121001132233121030210132121
01030210130213322331210302100321210103021003021332233121030211321210103021130213
32233121030210321210103021030213322331210302132121010302130213322331210302032121
01030203021332233121001132121100312101011302312103123121010113212101031231210101
13021333223312103021013212100130210130210332233121030210032121001302100302103322
33121030211321210013021130210332233121030210321210013021030210332233121030213212
10013021302103322331210130231210302032121001302030210332233121013023121001132121
10031210101130231210312312101011321210013123121010113021033322331210130231211302
10132121001302103021033223312113021003212100130210302103322331210130231211302113
21210013021030210332233121013023121130210321210013021030210332233121013023121130
21321210013021030210332233121013023121130203212100130210302103322331210010312101
00322331210100321211003121010113023121131231210101132121001302103021033322331210
13023121130210132121010302101302103322331210130231211302100321210103021003021033
22331210130231211302113212101030211302103322331210130231211302103212101030210302
10332233121013023121130213212101030213021033223312101302312113020321210103020302
10332233121013212101003212110031210101130231211312312101011321210103123121010113
02103333223312100103121101001322331211013121101001302312110031210101130231211003
12110100302312101302312121312100133123121010113212101312312110100332233121101001
31231213123121322331210130231211010013123121312312032233121101001312312031231213
22331211010013123120312312032233121001132121100312101011302312100113212110031211
01003023121101001321211010013123121010113123121101003321211010013212101312312110
10033212101312312101011333332233121001031211010103223312110131211010103023121100
31210101130231211003121211010031211111033023121013023121131231210000030231212111
11031210011003312312121101003121111103312312101011322331211010103021302312100003
02113021000302103021302032233121101010302113023121000030211302100030210302130203
22331211010103021302312100003021130210003021030213020322331211010103021003023121
00003021001302101302100302030210003223312110101030210003023121000030210013021013
02100302030210003223312110101030210030231210000302100130210130210030203021000322
33121101010302030231210000302030210003021013021003021032233121101010302030231210
00030203021000302101302100302103223312110101030210003023121000030203021000302101
30210030210322331211010103021103023121000030210130210003021113021103021032233121
10101030210003023121000030210130210003021113021103021032233121101010302110302312
10000302101302100030211130211030210322331211010103021130231210000302030211302100
13021030213223312110101030203023121000030203021130210013021030213223312110101030
20302312100003020302113021001302103021322331210130231211010103021302312100003021
01302110302113021113223312101302312110101030213023121000030210013021000302101302
11322331210130231211010103021003023121000030211030210013021302111322331210130231
21101010302103023121000030213021013021103021003223312101302312110101030211302312
10000302110302100130211130210132233121001031212110101131211110033223312110131212
11010113121111003302312110031210101130231211003121101003023121111321211302030231
21000010312312101011331231213023121213121001332121101010321212111110302033123121
01011331231211010033023121211010113121111003321212111110312100000133123121010113
31231211010032233121001031212110101131211332233121101312121101011312113302312110
03121010113023121100312110100302312121312100133212121101011312111100331231210101
13123121101003321212110101131211110033123121101003123121010113322331212110101131
21133212100003021302101302100133212100003021013021302100133223312121101011312113
32121000030213021013021001332121000030210013021302101332233121013023121211010113
12113321210000302130210130210013321210000302130210133223312110101030210130231211
11030231211003121010113023121130211113023121010312312101011302101032233121101010
30211302312111103023121100312101011302312113212100131231210101130211332121010312
31210101130211033223312100103121211010113020332233121101312121101011302033023121
00003223312110101030203123121211010113121100013121010332233121001130231211003121
01011302312110100132121101010312312101011312312121101011312110001312101033321211
01010321210103123121010113021331231212110101131211000131210103332233121101010302
13123121211010113121100013121010332233121101010302103123121211010113121100013121
01033223312110101030211312312121101011312110001312101033223312110101030210031231
21211010113121100013121010332233121101010302101312312121101011312110001312101033
22331211010103021103123121211010113121100013121010332233121101010302111312312121
10101131211000131210103322331211010103021000312312121101011312110001312101033223
31211010103021001312312121101011312110001312101033223312110131212110101131213120
33023121000031231213123120322331211010103123121312312121101011312131203322331211
01010312312031231212110101131213120332233121101312121101011312101110330231211110
30231211003121010113023121010030231211003121101003023121213121001332121101010312
31211010031231212110101131211000131210103332121131231210101130231210013021031231
21101003322331211010103020312312121101011312110001312101033223312110101030203123
12121101011312101110332233121101010302131231212110101131211000131210103322331210
13023121101010302131231212110101131210111033223312110101030210312312121101011312
11000131210103322331211010103021031231212110101131210111033223312110101030211312
31212110101131211000131210103322331210130231211010103021131231212110101131210111
03322331211010103021003123121211010113121100013121010332233121101010302100312312
12110101131210111033223312110101030210131231212110101131211000131210103322331210
13023121101010302101312312121101011312101110332233121101010302110312312121101011
31211000131210103322331211010103021103123121211010113121011103322331210010312121
10110031211011332233121101312121101100312110113302312110103212121010113121101100
30213312121010113121101100302103330231212111110302103312312121010113121101100302
13312312121010113121101100302103322331211013121210010031211011003302312121101100
31211011332121000030213021030211302100332121000032121211111030210330213021033212
12111110302103302103021133212121111103021033021302100333223312100103121210100312
11011003021033223312110131212101003121101100302103302312110103212121010113121101
10033121211010031211011003021331212110101312110110030213330231210100302312110031
21111113023121111321212131210103321210312312111111302033212111011312312111111302
31210000103023121000011312312121010113121101100330213331231203023121000101321210
00011321210000113123121210101131211011003302133123121111113321212111110302103312
31212110100312110110030213312312121101013121101100302133322331212101003121101100
30210331231212100100312110110033021302103223312101302312121010031211011003021033
12312121001003121101100330213021132233121013023121210100312110110030210331231212
10010031211011003302103021003223312121010031211011003021033123121210010031211011
00330213021003223312100103121210100312110110030210312111110332233121101312121010
03121101100302103121111103302312110103212121010113121101100331212110100312110110
03021331212110101312110110030213330231211113212113123121211010031211011003021331
23121211010131211011003021333123121302312111132121210100312110110030210331231212
10101131211011003312312121101003121101100302133123121211010131211011003021333123
12130231210100302312110031212111111312110110030213302312111132121013023121210100
31211011003021033123121210101131211011003312312121101003121101100302133123121211
11113121101100302133312312030231212101003121101100302103121111103312312121010113
12110110033123121211111131211011003021331231212110101312110110030213322331212101
00312110110030210312111110331231212100100312110110033021302103223312121010031211
01100302103121111103312312121001003121101100330213021132233121013023121210100312
11011003021031211111033123121210010031211011003302103021003223312100103121001011
32233121101312121100131210010113121100111331231211001322331211013121100130231211
00100322121100111312312121100131210010113121100111333302312110031210101130231211
11321210130231211101312312101011332121100111312312101011330231211113212101302312
11321212111110302033123121010113312100101133212110011131231210101133023121100130
23121000032121000031211003121010113212100003121001101321210000312101011333321210
00110312100003023121211111031210000013312312101011332233121130210030231210010113
02130211130210302100322331211302110302312100101132121210010131211103312312121001
00312100101312110113121010113302101100033212121001013121110331231212100100312100
10131211011312101011330211033212121001013121111013312312121001003121001013121101
13121010113332233121130210110003023121001011321212100101312111033123121210010031
21001013121101131211010033021011000332121210010131211103312312121001003121001013
12110113121010113302110332121210010131211110133123121210010031210010131211011312
11010033322331211302100302312100101132121210010131211103312312121001003121001013
12110113121010113302101100033212121001013121110331231212100100312100101312110113
12101011330211033212121001013121111013312312121001003121001013121101131210101133
30210032233121001031211011013223312110131211011013023121101032121210101131211011
10331210101131211010031211010133212111132121000100312312110101312312101011331231
21101003212121010113121101110331231211010133322331210010312110111132233121101312
11011113023121101032121210101131211011103312101011332121210101131211011103312312
10101133223312100103121110000322331211013121110000302312110031210101131231210000
03223312100103121110001322331211013121110001302312110031211100103023121100312101
01131231211100103223312110131212100100312110111033023121101101321211011013123121
11000030211302103302100302100132233121132121101111312312121001003121101110330210
03302100132233121132121101111312312121001003121101110330211330210322331211321211
01111312312121001003121101110330210003312312100000322331211321211011113123121210
01003121101110330211113312312100000322331211321211011113212110110131231212100100
31211011103302111130210000133021111330210000132233121132121101111312312121001003
12110111033021111331231210000032233121001031211100113223312110131211100113023121
10031210101130231211113212100010131231210101132121000033312312111000032121101101
32121110011321212111110312100000133123121010113332121000111302312121111103020331
23121010113321210010003023121211111030203312312101011333223312113212110111132121
11001130231210000321212111110302103302113021010332121211111030210330210302101003
32121211111030210330213021111033302113302101032233121132121101111321211100113023
12100003212121111103021033021130210103321212111110302103302103021010033212121111
10302103302130211110333021330211110322331210010312111010032233121101312111010030
23121100312121010113121111103302312110010032212121001013121111103302312100100132
12110031210101130231212100101312110113302033123121210101131211111033330231211003
12121010113121001100330231210000113123121210010131211111033023121211111031210011
00331231212101011312111110331231212101011312100110033223312110131212100100312111
01003302312111010030231210000312121010113021331212101011302103312121010113021133
22331212100101312111033212121001003121110100331212101011302133302111132233121130
21111302312121001013121111013302312121001003121110100331212101011302133223312110
13121211101013121111103121000001330231211003121010113023121111321211101130213023
12100001031231210101133212100003023121000033023121211111031210000013312312101011
32233121101312121110101312111110302033023121100312101011302312111132121130203023
12100001031231210101133212100003302312121111103020331231210101132233121101312121
11010131211110133023121100312111010130231212111010131211111030203302312100100031
23121110101322331211013121211101013121100110330231211010321211101013121111113121
01011330231211113212113123121111113021332121211111030210332121000110312312101011
30231210001113123121110101332121211101013121111103121000001330231210010003123121
11010133302312111132121131231211111130203321212111110302103321212111010131211111
03121000001330231210001113123121110101332121000110321212111010131211111030203302
31210001113123121110101332121000110312312101011321212111010131211111031210000013
30231210010003123121110101333330231212111110302103321210001113123121110101332121
00011031231210101132121211101013121111103121000001330231210010003123121110101333
22331210010312121110101312111011033223312110131212111010131211101103302312110103
21212101011312111011133121111000312111100131211101013302312111132121131231211110
00312312111100133123121110101302312110010032212110011030231212101011312111011133
12312111100030231212111010131211110133123121110101333023121211101013121110110331
23121210101131211101113321210000113123121100110302033123121111001302312121110101
31211001103312312111010132121000011312312110011030213321210000113123121100110302
10332233121001031212111010131211011332233121101312121110101312110113302312110031
21010113023121211111030210332121000033123121010113223312110131212111010131210113
12111110312100000133023121100312101011302312110031212101011312111110330231211113
21211302030231210000103123121210101131211111033312312121010113121111103302312111
13212101302312100010031231210101130231210011013123121210101131211111033312312121
01011312111110330231212111010131210113121111103121000001331231210101132121001110
31231212101011312111110333223312100103121211101013121111010332233121101312121110
10131211110103302312110031210101130231212111010131210113121111103121000001332121
00003321210010003123121010113322331210010312121001003121110101312111011131210103
02133223312110131212100100312111010131211101113121010302133023121110011302312100
00321212111110302103312110011032121110011302312100003212121111103021033020321210
00031211001103021302033321212111110302103302132121000031211001103021302133321212
11111030210332121000033212100003121210103021330203212100003333332121211111030210
33121210103021332121110011302312100003212121111103021033020321210000312121013121
01030213302030213332121211111030210330213212100003121210103021330203020333212121
11110302103321210000332121000031211110013021030213333321212111110302103312121013
12101030213321211100113023121000032121211111030210330203212100003121210131210103
02133020302033321212111110302103302132121000031212101312101030213302030213332121
21111103021033212100003321210000312111100130213212100003333332121211111030210331
21111001321211100113023121000033322331210001013212100003021302030213020330231212
11101013121111010330231212111010131211101103312312121001003121110101312111011131
21010302133121100110312111100132121211101013121101133023121000030213020302030213
32233121000101321210000302130203020302033023121211101013121111010330231212111010
13121110110331231212100100312111010131211101113121010302133121100110312111100132
12121110101312110113302312100003021302130213322331210001013212100003021302130213
02030203021302030203020330231212111010131211110103302312121110101312111011033123
12121001003121110101312111011131210103021331211001103121111001321212111010131211
01133023121000030213021302130203020302030213021302133223312110131211110113023121
10031211111003023121100312101011302312111132121013023121110131231210101133123121
01011302312111132121131231211111003023121000011312312101011302033212121111103121
00000133123121010113302312100011031210000302312100100132121111011312312111110033
12312101011322331211321211110113121010113021330213223312100010132121111011312101
01130231210000302133023121000031210000302132233121000101321211110113121010113023
12100003021302103021133023121000031210000302130210302113223312100010132121111011
31210101130231210000302132121000030210130210330211330231210000312100003021321210
00031210000302101302103302113223312100010132121111011312101011302312100003021321
21000030210130210332121000031210101131210103021013021033302312100003121000030213
21210000312100003021013021033212100003121010302101302103322331210010312111110132
23312110131211001302312111031211001113123121100130231211003121010113023121111321
21013023121110131231210101133123121010113023121111321210130231211312111110130231
21211111030203312312101011332121100111312312101011330231211001302312111101132121
00001131231210101130213321210000113123121010113021033223312113212111110131210101
13021330213223312100010132121111101312101011302302133023121000030213223312100010
13212111110131210101130230213021030211330231210000302130210302113223312100010132
12111110131210101130230213202101302103302113302312100003021321210000302101302103
30211322331210001013212111110131210101130230213202101302103321210101131210103021
01302103330231210000302132121000030210130210330211132233121101312111111030231211
00312101011302312110031211111130231211113212113123121111113121100013312312101011
30203223312110131211111113023121100312101011302312111132121110131231210101133123
12101011302312111111031231210101132233121101312110013023121100100322121100111312
31211001333023121100312101011302312111132121013023121110131231210101133212110011
13123121010113302312111132121013023121131211010302312121111103020331231210101133
21211001113123121010113302312110010032212100000003023121211111030203302312121111
10312100000133123121010113321210000001302312121111103020330231212111110312100000
13302312121111103121000001331231210101133302312111132121130203023121000010312312
10000000332121100131231210000001330231211113212101302312111013023121001101312312
10000000332121100130231210000312110103212100111031231210000000332121000031211003
21210011013123121000000033123121000000133302312110010032212100000103023121000111
30231210011013123121000000033212100000113023121001000302312100110131231210000000
33302312110013023121000031211010321210011103123121000000033023121000031211003123
12100000103023121000031211001003212100003212100003123121000001032121000032121000
03121111111302312100003123121000001033123121000001133331231210000001322331210010
31210000100322331211013121100130231211001003221211001113123121100133302312110031
21010113023121111321210130231211101312312101011332121100111312312101011330231211
11321210130231211312100001003023121211111030203312312101011332121100111312312101
01133023121100100322121000010130231212111110302033023121211111031210000013312312
10101133212100001103023121211111031210000013302312121111103121000001331231210101
13330231211113212113020302312100001031231210000110332121100131231210000101330231
21100132121000031211113212100011131231210000101332121001000312312100001013321210
00110312100001003123121000011033322331211302110001130231210000100302110001132233
12113021000302312100001003212312130210003302101132233121130210113023121000010032
12312030210003302101132233121130211130231210000100321231203021133212312130211133
02101132233121130211302312100001003212312130211332123121302111330210113223312113
02101130231210000100321231203021133212312030211133021011322331211013121000011130
23121101032121010011312101000133023121111321211302030231210000103123121010001331
23121010001302312111132121010011302312121111103020331231210100013321210000111312
31210100113212121111103121000001331231210100013330231210001103212121111103020331
23121010001332121000011131231210100113212121111103121000001331231210100013332233
12110131210001000302312110031210101130231210000111321211003121101003023121131231
21101003123121010113322331210001013212100003021302103021130210133023121000100030
21003023121000030213021030211302100302101322331210001013212100003021302103021130
21013302312100010003021003023121000030213021003021030210030211302100302101322331
21001031210001001322331211013121000100130231211003121000101030231211003121000101
13023121111321210130231211101312312100010113321211312312100010103121100013302312
11101302321211111113123121000101133123121000101032233121101312100011003023121100
31210001010302312110031210001011302312110010032212100011013023121111111312312100
01011333023121000110131231210001010322331211013121000111030231211010322121010113
12110001332121101003121100013330231210001100312110001302312101031231210101131231
21101003223312100010013121100013021010322331211302101010302312100011103212111111
03021010332121111110302100000332233121130210101030231210001110302101030210000032
23312100103121000111132233121101312100011113023121100312100100003023212110031210
10113023121001000030231211003121101003023212101011312312101011331231211010033212
11003121010113023121001000030231211003121101003023212101011312312101011331231211
01003322331211013121001000130231210001111302312110031210010010302312110031210101
13023121111321211312312101011302101033021011032121001001030210103322331211321210
01000130213302101103223312100103121001001132233121101312100100113023121101032121
01011312110100330231210001111302312110103212100100103121001010033023121000010032
21211312312100101003121010113312312101011332212113123121001010031211010033123121
10100332212113123121001010031210010011331231210010010332212113123121001010031210
10330231211010322121001010131210010011333023121001001132121010312312101011302312
10010101312101011332121010312312110100302312100101013121101003332212113123121001
01003121133023121101032212100101013121001001133302312121312100133212113123121010
11302312100101013121010113321211312312110100302312100101013121101003330203223312
11013121001011030231210010011302130210113223312110131210010111302312100100113021
03021011032233121130213023121001011031210101132233121130210110302312100101113121
10100322331211302101130232121001001130210113021100331210101132233121130210113023
22121001001130210113021100331210010011331210101132233121130210000302322121001001
13021000030210001331210010011331210101132233121130210000130232121001011031210103
12312100101113312110100322331210010110312101031231210010111312113023121001001130
21130210000132233121001011131210103123121001011031211302312100100113021130210000
13223321210010011302110010030211001000331210103212100100113021100100030211001003
31211321210010011302100101100302100101100332233121000100131210010011312312100101
10322331210130231210001001312110001312312100101103223312100010013121100013021013
22331210130231210001001312100100113021013223312100103121001100032233121101312100
11000302312110031210101130231211103121001100132121210010131211011330231210000330
23121000111130231211010321210010010312100101003302312100001003221211312312100101
00312100110003312312100100103322121131231210010100312100110103302312121001013121
11101331231210011001332212113123121001010031210011011330231211003121010113023121
11132121101010312312101011302312121001013121111013312312100110013312312030231212
10010131211103312312100110013023121000110312312101011302312121001013121111013312
31210011001332212113123121001010031210011100330231211003121010113023121210010131
21110331231210011001302312100010003123121010113023121210010131211110133123121001
10013322121131231210010100312113302312110103221211100031210011000333023121211010
11312113321210010010312100110103321211100031210011010333020322331211013121001110
13023121001100031210011110322331210011101312100110113021001101322331210011101312
10011011302101100032233121001110131210011011302110001132233121211010113121133212
10011101312100110103302312100003021001101302101100030211000113223312100111013121
00111003021011000322331212110101131211332121001110131210011010330231210000302100
11013021100011322331211013121001111130231210011000312100111103223312100111113121
00110113021001101322331210011111312100110113021100011322331210011111312113123121
00111013223312110131210100000302312110031210101130231211103121010000132121001100
03121001111033023121000111130231211010321210010010312100101003302312100001003221
21131231210010100312101000003312312100100103322121131231210010100312101000103302
31210000103023121010000131210011010332121010000131231210010100332233121101312101
00011302312101000003121001111032233121130203023121010001131210100010322331210100
01131210011011302100322331211302130231210100011312101000103223312101000113121001
10113021000322331211302103023121010001131210100010322331210010312101001003223312
11013121010010030231211010321210100101312101001103302312111132121130203023121000
01031231210100101331231210100110302312101001003212100111031231210100101330231210
00110321210011013023123121010010133123121010011032233121000101321210000302130210
30211302100302101302110330231210100100321210000302130210302113321210000302100302
10130211033223312110131210100111302312111031210101000321212100101312110113302033
02312110031210101130231211103121010100132121210010131211110133123121010100033023
12100101132121210010131211103312312101010003212101031231210101001302133312312101
01001322331211302030231210100111312100111103223312113021302312101001113121001111
03223312113021030231210100111312100111103223312101302312113212101001113121001111
03321210100111312100111103322331211013121010101030231211010321210101011312100100
10330231211113212111013123121010101133123121010101131231210010010322331211013121
01011003023121100312101011013023121111101312101011103023221211312312101011113121
00100103312312100100103322121131231210101111321210101110312101011013332121001001
03121001001033322121131231210101111312101100003321210101110312101011013332212113
12312101011113121011000133023121100312101011302033221211312312101011113121001111
03302033221211312312101011113121011001033123121011001033221211312312101011113121
01100113302312110031210101130231211312312101100103023121010113121011001033212100
10010312101100013123121010111133223312110131210110100302312110103212101011013121
01101013121011011033023121010010032121001001321211003121010113023121111101312101
01110302321211312312101011113023121010111031210001113123121010113321210101110312
10010003123121010113332121001001312312121111103121000001330231210100103212110031
21010113023121131210101111302312100011131231210101133123121011011033321210010013
21211003121010113023121111101312101011103023212113123121010111130231210101110312
10101133221210101110312101011333321210010013123121001000302312101001032121100312
10101130231211312101101113023121000111312312101011331231210110110333223312110131
21011100030231211010321210101101312101101013121011011033023121000110312100001003
02312101001003212101101003123121010110131231210110101312312101101103321210101100
31231210101101332233121001031210111001322331211013121100130231211103121100111312
31211001302312110031210101130231211113212101302312111013123121010113321211001113
12312101011330231211113212101302312113121011100130231212111110302033123121010113
32121100111312312101011330231211001003221210101101302312100001131231210101130213
32121011010130231210000113123121010113021033212101101103023121211111031210000013
30231212111110312100000133023121211111031210000013312312101011333023121100130231
21111101312101011103023121101321210101110312101011013302312110103212101011103121
00011031210111010312312101101013302312110010032121010111031210100003212100003121
01100103023121000031210100111312100111103321210010013123121211111031210000013302
31210100103212110031210101130231211312101101113023121000111312312101011331231210
11011033302312110010032212100100103023121000111130231211010321210010010330231211
00100322121010101130231210101010312312101110103123121001001033302312110103212101
01111330231210101110312101110003123121010110131231210110101312312101101103330231
21001011321210010010312100111103312312100100103223312101110013121001001132121010
11312110100332121010111131210101131231210101133212101011113121101003123121101003
32121010111131210103023121101032212100101013121001001133302312100100113121001111
03212101031231210101130231210010101312101011332121010312312110100302312100101013
12110100333212101011113121130231211010322121001010131210010011333023121213121001
33212113123121010113023121001010131210101133212113123121101003023121001010131211
01003332233121101312100101103023121001001131210011110302130210113223312110131210
01011130231210010011312100111103021030210110322331211302130231210010110312101011
32233121130210110302312100101113121101003223312113021011302321210010011312100111
10302101130211003312101011322331211302101130232212100100113121001111030210113021
10033121001001133121010113223312113021000030232212100100113121001111030210000302
10001331210010011331210101132233121130210000130232121001011031210103123121001011
13312110100322331210010110312101031231210010111312113023121001001131210011110302
11302100001322331210010111312101031231210010110312113023121001001131210011110302
11302100001322332121001001131210011110302110010030211001000331210103212100100113
12100111103021100100030211001003312113212100100113121001111030210010110030210010
11003322331210001001312100100113123121001011032233121013023121000100131211000131
23121001011032233121000100131211000130210132233121013023121000100131210010011302
10132233121001031210010132233121011100131210010132121011101133212101101113121011
11003023121210010131211011331231210111011332121010111131211110130231212100101312
11110133123121011110033212101011113121101011302312110031210111101302312121001013
12111033123121011110031231210111101332121010111131210111110302312100100103121101
01131231210111011332121010111131210110001302312110031210101130232121111111302312
10010010312111101331231210101133223312110131210111111302312100101312100111103021
11132233121130211113023121011111131211110132233121011111131211010113021010010322
33121130210100103023121011111131211110132233121130210100103023121210010131211110
13302312101111113121011110032233121101312110000003023121001013121001111030231210
01001131210011110302111100030210010110322331211013121100000130231210010131210011
11030231210010011312100111103021001011003021001011003223312110000003121010312312
11000001312113023121001001131210011110302110100100302111000010322331210130231211
00000031211312312110000013223312110000013121101011312312110000003223312110000003
12113123121100000132233121001031211000010322331210111001312110000103221211000011
31211000100332121100010131211000100333212101011113121001111030231210010113212110
00011312100110113123121001001033212110001013121001101131231210010010333212101011
11312110001103023121101032212111100031211000100333023121000010032212111100031210
11001131231211000011331231211000101332212111100031210110011312312110001013312312
11000011330203321210101111312110001113023121101032212111100031211000100333023121
21312101033212111100031210110011312312110000113321211110003121011001131231211000
10133322331210010312110001003223312101110013121100010032121010110133212101101113
12101111003023121001100031210011110332121010111131210101101312312101011013321210
10111131210110001302312110031210101130231210111100312312101011332233121101312110
01000302312110103212111111312101000133023121030203023121000010302312101001032121
10031210101130231210101131210110011312312111111331231210100013223312101110013121
00110003232121011011131210011001302312100101312100111103212100003332121010111131
21001101030231210011001312111101332121010111131210011011302312110031210101130231
21111321211001000312312101011302312100110013121111013312312030231210011001312110
10113023121000110312312101011302312100110013121111013322331211013121100100130231
21100010031210011110302032233121101312110010103023121100010031210011110302132233
12110131211001011302312110000103121001111031231211001001312312110010103223321210
00111302312110010013121001101033121011001131231211001011322332121000111302312110
01010312100110103312101100113123121100101132233212110010113121100011031231211001
00133121011001131231211001010322332121100101131211000110312312110010103312101100
11312312110010013223312110131211001100302312110001003121001111030210322331211013
12110011013023121100010031210011110302113223312110131211001110302312110001003121
00111103021003223312110131211001111302312110001003121001111030203223312110131211
01000030231211000010312100111103123121100100131231211001101322331211013121101000
13023121100001031210011110312312110010013123121100110032233121101312110100103023
12110000103121001111031231211001100312312110011103223312100103121101001132233121
01110013121101001132321210110111312110101003023121001013121001111030203321210110
11131210101101302312100101312100111103020332121010111131211010101302312110103221
21101011031211000100333023121001011321211113212101302312111013023121101010031211
11013302030231211010100312111101312100111003123121001001033212110101103121001101
13123121001001033212110101003121101011312312110101103332121010111131211010111302
31211010100312111101332121010111131211011000302312110031211111130231210101101312
11010113123121111113321210101111312110110013023121010110131211110133212101011113
12110110103020332233121101312110110113023121101032121010011312121003121003312110
11100312111111312101000133023121111321211302030231210000103123121010001331231211
01110030231211113212100321210100113023121211111030203312312101000133123121210031
21003332121101101131231210100113212101001130231212111110302033123121010001331231
21111113212101031231211111130213321212111110312100000133123121010001333212110110
11312312101001131231212100312100331231211011100321210103123121111113021332121211
11103121000001331231210100013332233121101312110111013023121101032121010011312101
00013302312110110113123121010011321210100113023121211111030203312312101000133020
30203123121010001322331211013121101111030231211010321210100113121210031210033121
10111003121111113121010001330231211113212113020302312100001031231210100013312312
11011100302312111132121032121010011302312121111103020331231210100013312312121003
12100333212110111103123121010011321210100113023121211111030203312312101000133123
12111111321210103123121111113021332121211111031210000013312312101000133321211011
11031231210100113123121210031210033123121101110032121010312312111111302133212121
11110312100000133123121010001333223312110131211011111302312110103212101001131210
10001330231211011110312312101001132121010011302312121111103020331231210100013302
03020312312101000132233121130210302312110111013212110031210101131231210101133023
12100003021130210030210130203223312113021302312110111013212110031210101131231210
10113302312100003021130210130210030203223312113020302312110111013212110031210101
13123121010113302312100003021013021130210030203223312113021030231211011111321211
00312101011312312101011330231210000302113021003020302103223312113021302312110111
11321211003121010113123121010113302312100003021130213021003021032233121130203023
12110111113212110031210101131231210101133023121000030213021130210030210322331210
11100131211100000323212101101113121010000130231211010011312100111103321210110111
31211100001302312100101312100111103021332121011011131211100010302312100101312100
11110321211003121010113020333212101011113121011000130231211003121010113023121010
00013123121010113321210101111312110110103023121110312111000113212101001032121100
31210101130231210001001312110000103123121010113321210010010312110101003121001101
03330231211103121110010032121001001321211003121010113023121110001031211110131231
21010113312312111000113302312111031211100101321210000113123121110001130231211011
11132121100312101011312312101011331231211100100330231211103121110011032121110001
03121111013302312111031211100111321211100001312111101330231210010113212100100103
12110101003121101011302312111001013121100011030231210010010312110101003121111013
32121110001031211010113023121101032212111010003121100001033302312111132121110100
03121011001131231211100101331231211100111321211100110312312111010003332121110000
13121101011302312101030213023121110000131211110133322331211013121110100130231211
10000031210011110322331211101001312110101013123121100110032233121101312111010103
02312110103221211101011312111000003330231211011101321211010322121101011031211000
10033302312111132121101011031210110011302312111010113121101011133021302033023121
00003123121100100131231211001010312312110011003123121100110131231211001110322331
21101312111011003023121101032121111113121111000312101000133023121111321211101131
23121111000312312111111331231210100013023121001011321211101001312110110103321211
10110031231211111132121010312312111100030213321210100003212111010103123121110100
13312312101000133322331210001013212111011003021111030203212100003330231210000302
10030210302030211302030213020302103021003021030203021130203021302030210302100302
10302030211302030213020302103021003021030203021130203021322331210010312111011013
22331210010312111011103223312100103121110111132233121001031211110000322331212101
10113121133212111011013121111000033023121001321211101110312111100003302312101101
03021110010110030231210000302130210130210302110302111302113223312121011011312113
32121110111031211110000330231210013212111011013121111000033023121011010302030231
21000030203020302030210130210030210030211030213021113223312121011011312113321211
10111131211110000330231210013212111011013121111000033023121011010302130231210000
30203020302130211302111302100030210030210322331212101101131211332121110110131211
11000133023121001321211101110312111100013321210101003021332233121210110113121133
21211101111312111100013302032233121101312111100103023121100312121010113121110110
13302312110031212101011312111011013121110111133023121110011302312100003212121111
10302103312111011013123121210101131211101101333212121111103021033121110111130231
21011312312121010113121110110131211101111331231212101011312111011013332121211111
03021033121110111031231212101011312111011013332233121132212111100103021302133121
11011013302132233121132212111100103021302133121110111033021322331211322121111001
03021302133121110111133020322331211322121111001030213021033121110110133021322331
21132212111100103021302103312111011103302132233121132212111100103021302103312111
01111330213223312101110013121111001132121110110131212111101003121111103332121010
11113121110110131231211101101332121010111131212111101003121111103312312121111010
03121111103332121010111131211101110312312111011013321210101111312121110111131211
11103302312100100132121100312101011302312101131231210101131231211101101331231212
11110100312111110333223312100103121111010132233121001031211110110322331210010312
11110111322331210010312111110003223312100103121111100132233121101312111101013023
12111100113121001111030213023121000030213021032233121101312111101103023121111001
13121001111030210302312100003021030210032233121101312111101113023121111001131210
01111030211030231210000302110030211013223312110131211111000302312111100113121001
11103021113023121000030211103021111322331211013121111100130231211110011312100111
10302100030231210000302100003021000130210010322331211321211110101312111011013302
13223312113212111101013121110111033021322331210001013212111101013121211110100312
11111033302312100003021302103223312100010132121111010131212111011113121111103330
23121000030203021322331211321211110111312111011013302110322331211321211110111312
11101110330211032233121000101321211110111312121111010031211111033302312100003021
10030211013223312100010132121111011131212111011113121111103330231210000302110302
11132233121011100131211111010321212111100113121111103332121010111131212111100113
12111110331231212111100113121111103332121010111131210100010302312110103221210100
03121111001133302312100001030231210100103212110031210101130231211321210101131211
10110133212101000312111011013331231212111100113121111103332233121001031212111101
01302103322331211013121211110101302103302312111110103121001111030231210000312312
11110101312312111101013223312113212121111010130210331210100010312312111101013302
10322331211321212111101013021033121010001031231211110111330203223312113212121111
01013021033121010001031231211111000330203223312113212121111010130210331210100010
31231211111001330203223312100103121211111001302103322331211013121211111001302103
30231211111010312100111103023121000031231211111001312312111110013223312113212121
11110013021033121010001031231211110101330203223312113212121111100130210331210100
01031231211110111330203223312113212121111100130210331210100010312312111110003302
03223312113212121111100130210331210100010312312111110013302103223312100103121211
11100130211332233121101312121111100130211330231211111010312100111103023121000031
23121111100131231211111001312312111110013223312113212121111100130211331210100010
31231211110101330203223312113212121111100130211331210100010312312111101113302032
23312113212121111100130211331210100010312312111110003302032233121132121211111001
30211331210100010312312111110013302113223312100103121111101132233121101312111110
11302312111110103121001111030231210000312312111101013123121111010131231211111001
32233121132121111101131210100010312312111101013302103223312113212111110113121010
00103123121111011133020322331211321211111011312101000103123121111100033020322331
21132121111101131210100010312312111110013302132233121001031212111110003021033223
31211013121211111000302103302312111110103121001111030231210000312312111110003123
12111110003223312113212121111100030210331210100010312312111101013302032233121132
12121111100030210331210100010312312111101113302032233121132121211111000302103312
10100010312312111110003302103223312113212121111100030210331210100010312312111110
01330203223312100103121111110032233121101312111111003023121111101031210011110302
31210000312312111110003123121111010131231211110101312312111101013223312113212111
11100312101000103123121111010133021132233121132121111110031210100010312312111101
11330203223312113212111111003121010001031231211111000330213223312113212111111003
12101000103123121111100133020322331210010312111111013223312110131211111101302312
11111010312100111103023121000031231211110111312312111101013123121111010131231211
11010131231211110101322331211321211111101312101000103123121111010133021003223312
11321211111101312101000103123121111011133021322331211321211111101312101000103123
12111110003302032233121132121111110131210100010312312111110013302032233121001031
21111111032233121101312111111103023121111101031210011110302312100003123121111010
13123121111010131231211110101312312111101113123121111011131231211110101312312111
10101312312111101013223312113212111111103121010001031231211110101330211032233121
13212111111103121010001031231211110111330210322331211321211111110312101000103123
12111110003302032233121132121111111031210100010312312111110013302032233121001031
21111111132233121001031210000000032233121101312100000000302312110031210101130231
21100312110100302312121312100133123121010113023121013123121101003223312113123120
30231210000000031231203123120322331211312312130231210000000031231213123120322331
21131231203023121000000003123120312312132233121131231203023121000000003123121312
31213223312100103121000000013223312110131210000000130231211003121110010302312121
00101312110113302312111000131231211100103223312100103121000000103223312110131210
00000103023121100312100000011302312110031210101130231211003121000001003023121210
01013121110331231210000001130231211011013212121001013121111013312312100000011331
23121000001003123121010113223312100103121000001013223312110131210000010130231211
00312100000011302312110031210000010030231211011113212121001013121111013312312100
00001133123121000001003223312110131210000011030231210000000130203223312113020302
31210000010131231210000011030231210000302130210302113223312100000010312312100000
11030210103023121000030213021030211322331211302101030231210000010131231210000011
03023121000030213021030211322331211013121000001113023121100312100001000302312111
03121000010013212100000001312312033023121001011321210010013212110031210000101030
23121110312100001011321210000113123121000010103020330231211103121000011003212100
00113123121000010103021330231211103121000011013212100001131231210000101030210330
23121110312100001110321210000113123121000010103021133023121110312101100321210000
11312312100001010302100330232121111321211312312100001011312312100001101332121001
01132121000000103123121000010013123121011003023121000031231210000110131231210000
11103121000011113321210000001031231210000100131231213023121000031231210000110131
23121000011103121000100003321210000001031231210000100131231213023121000031231210
00010113123121000011003121000100013312312100001010332121001011321210000001031231
21000010013123121011003023121000031231210000110131231210000111031210001001033212
10000001031231210000100131231213023121000031231210000110131231210000111031210001
00113321210000001031231210000100131231213023121000031231210000101131231210000110
03121000101003312312100001010333312312100001000331231210000100132233121101312100
01010130231211003121000010003023121100312100001001302312100100132121100312100001
01030231211103121000010113212100001131231210000101030203302312111031210000110032
12100001131231210000101030213302312111031210000110132121000011312312100001010302
10330231211103121000011103212100001131231210000101030211330231211103121011003212
10000113123121000010103021003302312111031210001011032121111321211312312100001011
31231210000110133212111132121000001013123121000010013023121000031231210000101131
23121000011003121000100003321212131210013321210000010131231210000100130231210000
31231210000101131231210000110031210000111133212101302312121312100133212100000101
31231210000100130231210000312312100001011312312100001100312100010010332121013023
12100000101312312100001001302312100003123121000010113123121000011003121000101003
33321211113212100000101312312100001001302312100003123121000010113123121000011003
12100010011332121000001013123121000010013023121000031231210000101131231210000110
03121000100103312312133321211113212100000101312312100001001302312100003123121000
01011312312100001100312100010011332121213121001332121000001013123121000010013023
12100003123121000010113123121000011003121000100103321210130231212131210013321210
00001013123121000010013023121000031231210000101131231210000110031210000111133212
10130231210000010131231210000100130231210000312312100001011312312100001100312100
01000133332121111321210000010131231210000100130231210000312312100001011312312100
00110031210001000033212100000101312312100001001302312100003123121000010113123121
00001100312100001111331231213333023121000031231210000101131231210000110031231210
00011013123121000011103123121000101103312312100001000322331210010312100010111322
33121101312100010111302312110031210000100030231211103121000010013212100000111312
31210000100033023121000101013123121000010003123121000010013223312111031210001100
03212100003212100003021030210302100302103123121332121000030210030210302110302103
12312133212100003021103021030210003021031231213321210000302110302100302110302103
12312133302312111031210001100132121000032121000030210302103021003021031231213321
21000030210030210302110302103123121332121000030211030210302100030210312312033212
10000302110302100302110302103123121333023121000100321210001011131231210001100033
12312100011001322331210010312100011010322331211013121000110103023121101032121111
11312100011011330231211103121000111003212100010312312111111302103302312111132121
13020302312100011011332121013023121131231211111130231210013021031231210001110033
02312100011010312312100011100302312101131231210001101130213223312113020302312100
01101032021111111111111100000010001001103302032233121130213023121000110103202111
11111111111000000100010011033021322331211302130231210001101032021111111111111100
00001000100110330210322331211302030231210001101032021111111111111100000010001001
10330211322331211302030231210001101032021111111111111100000010001001103302100322
33121130213023121000110103202111111111111110000001000100110330210132233121130203
02312100011010320211111111111111000000100010011033021103223312113020302312100011
01032021111111111111100000010001001103302111322331211302030231210001101032021111
11111111110000001000100110330210003223312113021302312100011010320211111111111111
00000010001001103302100132233121001031210001110132233121101312100011101302312110
10321210001111031210001111131210100013302312100003123121000111103123121000111113
12312101000132233121001031210010000032233121101312100100000302312110103212100100
00131210010001031210010001133023121110312100011110321210000113123121001000013020
33023121110312100011111321210000113123121001000013021330231211103121010001321210
00011312312100100001302103302312111031210010010032121000011312312101000131231210
01000103302312100011010312312100100100302312101132121011312312100011111312312100
10001133021322331210010312100100101322331211013121001001013023121100312100100001
30231210000113123121001000013020322331210010312100100110322331211013121001001103
02312110031210010000130231210000113123121001000013021322331211013121001001113023
12100011101302113021010030231210000320210000000000000000000332021000100000000000
00003320210000000000000000000332233121130211302312100100101312312100100111322331
21130210100302312100100110312312100100111322331211312312130231210010000031231210
01001113020302032233121131231203023121001000003123121001001113020302132233121131
23120302312100100000312312100100111302030210032233121131231213023121001000003123
12100100111302130203223312113123121302312100100000312312100100111302103020322331
21131231213023121001000003123121001001113021302100322331211013121001010003023121
10031210100101302312110031210100110302312111132121130203023121000010312312101001
01331231210100110302312100011032121211111030203312312101001013302312100101000321
21211111031210000013312312101001013312312101001103223312110131210010100130231211
00312101000130231211113212100321210000103123121010001330210332121001010003212121
11110302033123121010001332121001010013023121211111031210000013312312101000133321
21111321211321210000103123121010001330210332121001010003212121111103020331231210
10001330232121211111030203302312121111103121000001331231210100013332121111321211
32121000010312312101000133021332121211111030203312312101000133212100003333223312
10001003212100003021302103021130210033023121001010003212100003021302103321210000
30211302100332233121000100321210000302130210302113021003302312100101001321210000
32121000030213021033212100003021133212100003021003332233121101312100101010302312
11003121010113023121100312101000130231210010013212110031211010032121000032121010
11332121101003333123121010001322331210001003212100003212100003021302101033212100
00302130210113332121001010103021302312100003021010302101133223312110131210010101
13023121100312101001013023121100312101001103023121111321211302030231210000103123
12101001013321210000330231210010100032121001010103212121111103020331231210100101
33123121010011033212100101011321212111110312100000133123121010010133123121010011
03322331210001003212100003212100003021302101033212100003021302101133212100003021
03021010332121000030210302101133302312100101011321210000302130210332121000030210
10302101133223312110131210100010302312110031210010110030231211003121001011013023
12111132121003123121001011003123121001011013321210000330231210001103123121001011
00302312101000103212101031231210010110030213312312100101101322331210001003212100
00302030213021030211302100332121010001030203021003322331211013121001011103023121
10031210010000130231211003121001011113023121100312100110000302312110031210011000
13023121100312100110010302312111132121013023121001000003123121001000013123121001
10010312312100110001332121000033023121110312100110011321210010000031231210010000
13212101031231210011001030210033123121001100013302312111031210011010032121111312
31210011001130203021330231211103121001101013212111131231210011001130213020330231
21110312100110110321210010000031231210010000132121010312312100110010302312101032
12100130210031231210011010133212100130210312312100110100333212101031231210011000
13023121011321210013021003123121001101003321210013021031231210011010133330231211
10312100110111321211113123121001101103021321210101003021333023121110312100110100
32121001312312100110111312312100110100330231211103121001101013212100131231210011
01113123121001101013302312111031210011100032121001000003123121001000013212101031
23121001100103123121001101003321210113123121001100013123121001101013330231210000
30231210000321210113123121001011113123121001101003321210113123121001100003123121
00110101332121010312312100101111312312100110100332121010312312100110000312312100
11010133123121001110003223312100103121001110013223312110131210011100130231211003
12100100001302312111031210001111032121000103212100100101312312100100001330210003
30231211103121000111113212100010321210010011031231210010000133021000330231210010
10013023121001001321211003121011003023121110312100101111321210000113123121011003
02033023121110312100110000321210000113123121011003021330231211103121001100013212
10013021000312312100101111330231211103121001100103212100130210003123121001100003
30231210010111031231210010000131231210010111131231210011000031231210011000131231
21001100103321210010101132121010001030213212101131231210001111130213332121010001
03021321210113123121000111103021333322331210010312100111010322331210010312100111
01132233121101312100111010302312100003212100003020302110302103021103123121332121
00003021030211030210030211031231213321210000302100302110302110302110312312133212
10000302110302110302100030211031231213321210000302100030210030210003021103123121
33212100003021000302110302100030210003123120332121000030210003021000302101030210
00312312033212100003021010302100030211003021000312312033212100003021100302100030
21100302110312312033212100003021100302110302111030211031231203321210000302111030
21103021000030211031231203321210000302100003021103021001030211031231203321210000
30210010302110302101003021103123120332233121101312100111011302312100011101302110
11013021010100130231210000320211111111111111111111111111111111111111111111111111
11111111111111111111111111111111111111111111111111111111111111111111111111111111
11111111111111111111111111111111111111133202100000000000000000000000000000000000
00000000000000000000000000000000000000000000000000000000000000000000000000000000
00000000000000000000000000000000000000000000000000001332021000000000000000000000
00000000000000000000000000000000000000000000000000000000000000000000000000000000
00000000000000000000000000000000000000000000000000000000000000000013320210000000
00000000000000000000000000000000000000000000000000000000000000000000000000000000
00000000000000000000000000000000000000000000000000000000000000000000000000000000
13320210000000000000000000000000000000000000000000000000000000000000000000000000
00000000000000000000000000000000000000000000000000000000000000000000000000000000
00000000000000133202100000000000000000000000000000000000000000000000000000000000
00000000000000000000000000000000000000000000000000000000000000000000000000000000
00000000000000000000000000001332021000000000000000000000000000000000000000000000
00000000000000000000000000000000000000000000000000000000000000000000000000000000
00000000000000000000000000000000000000000013320210000000000000000000000000000000
00000000000000000000000000000000000000000000000000000000000000000000000000000000
00000000000000000000000000000000000000000000000000000000133202100000000000000000
00000000000000000000000000000000000000000000000000000000000000000000000000000000
00000000000000000000000000000000000000000000000000000000000000000000001332021000
00000000000000000000000000000000000000000000000000000000000000000000000000000000
00000000000000000000000000000000000000000000000000000000000000000000000000000000
00001332021000000000000000000000000000000000000000000000000000000000000000000000
00000000000000000000000000000000000000000000000000000000000000000000000000000000
00000000000000000013320210000000000000000000000000000000000000000000000000000000
00000000000000000000000000000000000000000000000000000000000000000000000000000000
00000000000000000000000000000000133202100000000000000000000000000000000000000000
00000000000000000000000000000000000000000000000000000000000000000000000000000000
00000000000000000000000000000000000000000000001332021000000000000000000000000000
00000000000000000000000000000000000000000000000000000000000000000000000000000000
00000000000000000000000000000000000000000000000000000000000013320210000000000000
00000000000000000000000000000000000000000000000000000000000000000000000000000000
00000000000000000000000000000000000000000000000000000000000000000000000000133202
10000000000000000000000000000000000000000000000000000000000000000000000000000000
00000000000000000000000000000000000000000000000000000000000000000000000000000000
00000000133202100000000000000000000000000000000000000000000000000000000000000000
00000000000000000000000000000000000000000000000000000000000000000000000000000000
00000000000000000000001332021000000000000000000000000000000000000000000000000000
00000000000000000000000000000000000000000000000000000000000000000000000000000000
00000000000000000000000000000000000013320210000000000000000000000000000000000000
00000000000000000000000000000000000000000000000000000000000000000000000000000000
00000000000000000000000000000000000000000000000000133202100000000000000000000000
00000000000000000000000000000000000000000000000000000000000000000000000000000000
00000000000000000000000000000000000000000000000000000000000000001332021000000000
00000000000000000000000000000000000000000000000000000000000000000000000000000000
00000000000000000000000000000000000000000000000000000000000000000000000000000013
32021000000000000000000000000000000000000000000000000000000000000000000000000000
00000000000000000000000000000000000000000000000000000000000000000000000000000000
00000000000013320210000000000000000000000000000000000000000000000000000000000000
00000000000000000000000000000000000000000000000000000000000000000000000000000000
00000000000000000000000000133202100000000000000000000000000000000000000000000000
00000000000000000000000000000000000000000000000000000000000000000000000000000000
00000000000000000000000000000000000000001332021000000000000000000000000000000000
00000000000000000000000000000000000000000000000000000000000000000000000000000000
00000000000000000000000000000000000000000000000000000013320210000000000000000000
00000000000000000000000000000000000000000000000000000000000000000000000000000000
00000000000000000000000000000000000000000000000000000000000000000000133202100000
00000000000000000000000000000000000000000000000000000000000000000000000000000000
00000000000000000000000000000000000000000000000000000000000000000000000000000000
00133202100000000000000000000000000000000000000000000000000000000000000000000000
00000000000000000000000000000000000000000000000000000000000000000000000000000000
00000000000000001332021000000000000000000000000000000000000000000000000000000000
00000000000000000000000000000000000000000000000000000000000000000000000000000000
00000000000000000000000000000013320210000000000000000000000000000000000000000000
00000000000000000000000000000000000000000000000000000000000000000000000000000000
00000000000000000000000000000000000000000000133202100000000000000000000000000000
00000000000000000000000000000000000000000000000000000000000000000000000000000000
00000000000000000000000000000000000000000000000000000000001332021000000000000000
00000000000000000000000000000000000000000000000000000000000000000000000000000000
00000000000000000000000000000000000000000000000000000000000000000000000013320210
00000000000000000000000000000000000000000000000000000000000000000000000000000000
00000000000000000000000000000000000000000000000000000000000000000000000000000000
00000013320210000000000000000000000000000000000000000000000000000000000000000000
00000000000000000000000000000000000000000000000000000000000000000000000000000000
00000000000000000000133202100000000000000000000000000000000000000000000000000000
00000000000000000000000000000000000000000000000000000000000000000000000000000000
00000000000000000000000000000000001332021000000000000000000000000000000000000000
00000000000000000000000111000000000000000000000000000000000000000000000000000000
00000000000000000000000000000000000000000000000013320210000000000000000000000000
00000000000000000000000000000000000001110000000000000000000000000000000000000000
00000000000000000000000000000000000000000000000000000000000000133202100000000000
00000000000000000000000000000000000000000000000000011100000000000000000000000000
00000000000000000000000000000000000000000000000000000000000000000000000000001332
02100000000000000000000000000000000000000000000000000000000000000111000000000000
00000000000000000000000000000000000000000000000000000000000000000000000000000000
00000000001332021000000000000000000000000000000000000000000000000000000000000001
11000000000000000000000000000000000000000000000000000000000000000000000000000000
00000000000000000000000013320210000000000000000000000000000000000000000000000000
00000000000001110000000000000000000000000000000000000000000000000000000000000000
00000000000000000000000000000000000000133202100000000000000000000000000000000000
00000000000000000000000000011100000000000000000000000000000000000000000000000000
00000000000000000000000000000000000000000000000000001332021000000000000000000000
00000000000000000000000000000000000000000111000000000000000000000000000000000000
00000000000000000000000000000000000000000000000000000000000000000013320210000000
00000000000000000000000000000000000000000000000000000001110000000000000000000000
00000000000000000000000000000000000000000000000000000000000000000000000000000000
13320210000000000000000000000000000000000000000000000000000000000000111110000000
00000000000000000000000000000000000000000000000000000000000000000000000000000000
00000000000000133202100000000000000000000000000000000000000000000000000000000000
00011100000000000000000000000000000000000000000000000000000000000000000000000000
00000000000000000000000000001332021000000000001000000000000000100000000000000010
00000000000000100010000000000000000000000000000000000000000000100000000000000010
00000000000000100000000000000010000000000013320210011111111111000001111111111100
00011111111111000001111111111100000000000000000000000000000000000000000000001100
00000000000011000000000000001100000000000000110000000000133202100111111111111000
01111111111110000111111111111000011111111111100000000000000000000000000000000000
01111111111110000111111111111000011111111111100001111111111110000000001332021001
11111111110000011111111111000001111111111100000111111111110000000000000000000000
00000000000000000000000011000000000000001100000000000000110000000000000011000000
00001332021000000000001000000000000000100000000000000010000000000000001000000000
00000000000000000000000000100000000000100000000000000010000000000000001000000000
00000010000000000013320210000000000000000000000000000000000000000000000000000000
00000000100000000000000000000000000000011100000000000000000000000000000000000000
00000000000000000000000000000000133202100000000000000000000000000000000000000000
00000000000000000000001000000000000000000000000000001111100000000000000000000000
00000000000000000000000000000000000000000000001332021000000000000000000000000000
00000000000000000000000000000000000010000000000000000000000000000000100000000000
00000000000000000000000000000000000000000000000000000000000013320210000000000000
00000000000000000000000000000000000000000000000000100000000000000000000000000000
00100000000000000000000000000000000000000000000000000000000000000000000000133202
10000000000000000000000000000000000000000000000000000000000000001000000000000000
00000000000000001000000000000000000000000000000000000000000000000000000000000000
00000000133202100000000000000000000000000000000000000000000000000000000000000010
00000000000000000000000000000010000000000000000000000000000000000000000000000000
00000000000000000000001332021000000000000000000000000000000000000000000000000000
00000000000010000000000000000000000000000000100000000000000000000000000000000000
00000000000000000000000000000000000013320210000000000000000000000000000000000000
00000000000000000000000000100000000000000000000000000000001000000000000000000000
00000000000000000000000000000000000000000000000000133202100000000000000000000000
00000000000000000000000000000000000000001000000000000000000000000000000010000000
00000000000000000000000000000000000000000000000000000000000000001332021000000000
00000000000000000000000000000000000000000000000000001111100000000000000000000000
00000010000000000000000000000000000000000000000000000000000000000000000000000013
32021000000000000000000000000000000000000000000000000000000000000001110000000000
00000000000000000000100000000000000000000000000000000000000000000000000000000000
00000000000013320210000000000000000000000000000000000000000000000000000000000000
00100000000000100000000000000010000000000000000000000000000000000000000000000000
00000000000000000000000000133202100000000000000000000000000000000000000000000000
00000000000000000000000000001100000000000000110000000000000000000000000000000000
00000000000000000000000000000000000000001332021000000000000000000000000000000000
00000000000000000000000000000000011111111111100001111111111110000000000000000000
00000000000000000000000000000000000000000000000000000013320210000000000000000000
00000000000000000000000000000000000000000000000000000000110000000000000011000000
00000000000000000000000000000000000000000000000000000000000000000000133202100000
00000000000000000000000000000000000000000000000000000000000000000000001000000000
00000010000000000000000000000000000000000000000000000000000000000000000000000000
00133202100000000000000000000000000000000000000000000000000000000000000000000000
00000000000000000000000000000000000000000000000000000000000000000000000000000000
00000000000000001332021000000000000000000000000000000000000000000000000000000000
00000000000000000000000000000000000000000000000000000000000000000000000000000000
00000000000000000000000000000013320210000000000000000000000000000000000000000000
00000000000000000000000000000000000000000000000000000000000000000000000000000000
00000000000000000000000000000000000000000000133202100000000000000000000000000000
00000000000000000000000000000000000000000000000000000000000000000000000000000000
00000000000000000000000000000000000000000000000000000000001332021000000000000000
00000000000000000000000000000000000000000000000000000000000000000000000000000000
00000000000000000000000000000000000000000000000000000000000000000000000013320210
00000000000000000000000000000000000000000000000000000000000000000000000000000000
00000000000000000000000000000000000000000000000000000000000000000000000000000000
00000013320210000000000000000000000000000000000000000000000000000000000000000000
00000000000000000000000000000000000000000000000000000000000000000000000000000000
00000000000000000000133202100000000000000000000000000000000000000000000000000000
00000000000000000000000000000000000000000000000000000000000000000000000000000000
00000000000000000000000000000000001332021000000000000000000000000000000000000000
00000000000000000000000000000000000000000000000000000000000000000000000000000000
00000000000000000000000000000000000000000000000013320210000000000000000000000000
00000000000000000000000000000000000000000000000000000000000000000000000000000000
00000000000000000000000000000000000000000000000000000000000000133202100000000000
00000000000000000000000000000000000000000000000000000000000000000000000000000000
00000000000000000000000000000000000000000000000000000000000000000000000000001332
02100000000000000000000000000000000000000000000000000000000000000000000000000000
00000000000000000000000000000000000000000000000000000000000000000000000000000000
00000000001332021000000000000000000000000000000000000000000000000000000000000000
00000000000000000000000000000000000000000000000000000000000000000000000000000000
00000000000000000000000013320210000000000000000000000000000000000000000000000000
00000000000000000000000000000000000000000000000000000000000000000000000000000000
00000000000000000000000000000000000000133202100000000000000000000000000000000000
00000000000000000000000000000000000000000000000000000000000000000000000000000000
00000000000000000000000000000000000000000000000000001332021000000000000000000000
00000000000000000000000000000000000000000000000000000000000000000000000000000000
00000000000000000000000000000000000000000000000000000000000000000013320210000000
00000000000000000000000000000000000000000000000000000000000000000000000000000000
00000000000000000000000000000000000000000000000000000000000000000000000000000000
13320210000000000000000000000000000000000000000000000000000000000000000000000000
00000000000000000000000000000000000000000000000000000000000000000000000000000000
00000000000000133202100000000000000000000000000000000000000000000000000000000000
00000000000000000000000000000000000000000000000000000000000000000000000000000000
00000000000000000000000000001332021000000000000000000000000000000000000000000000
00000000000000000000000000000000000000000000000000000000000000000000000000000000
00000000000000000000000000000000000000000013320210000000000000000000000000000000
00000000000000000000000000000000000000000000000000000000000000000000000000000000
00000000000000000000000000000000000000000000000000000000133202100000000000000000
00000000000000000000000000000000000000000000000000000000000000000000000000000000
00000000000000000000000000000000000000000000000000000000000000000000001332021000
00000000000000000000000000000000000000000000000000000000000000000000000000000000
00000000000000000000000000000000000000000000000000000000000000000000000000000000
00001332021000000000000000000000000000000000000000000000000000000000000000000000
00000000000000000000000000000000000000000000000000000000000000000000000000000000
00000000000000000013320210000000000000000000000000000000000000000000000000000000
00000000000000000000000000000000000000000000000000000000000000000000000000000000
00000000000000000000000000000000133202100000000000000000000000000000000000000000
00000000000000000000000000000000000000000000000000000000000000000000000000000000
00000000000000000000000000000000000000000000001332021000000000000000000000000000
00000000000000000000000000000000000000000000000000000000000000000000000000000000
00000000000000000000000000000000000000000000000000000000000013320210000000000000
00000000000000000000000000000000000000000000000000000000000000000000000000000000
00000000000000000000000000000000000000000000000000000000000000000000000000133202
10000000000000000000000000000000000000000000000000000000000000000000000000000000
00000000000000000000000000000000000000000000000000000000000000000000000000000000
00000000133202100000000000000000000000000000000000000000000000000000000000000000
00000000000000000000000000000000000000000000000000000000000000000000000000000000
00000000000000000000001332021000000000000000000000000000000000000000000000000000
00000000000000000000000000000000000000000000000000000000000000000000000000000000
00000000000000000000000000000000000013320210000000000000000000000000000000000000
00000000000000000000000000000000000000000000000000000000000000000000000000000000
00000000000000000000000000000000000000000000000000133202100000000000000000000000
00000000000000000000000000000000000000000000000000000000000000000000000000000000
00000000000000000000000000000000000000000000000000000000000000001332021000000000
00000000000000000000000000000000000000000000000000000000000000000000000000000000
00000000000000000000000000000000000000000000000000000000000000000000000000000013
32021000000000000000000000000000000000000000000000000000000000000000000000000000
00000000000000000000000000000000000000000000000000000000000000000000000000000000
00000000000013320210000000000000000000000000000000000000000000000000000000000000
00000000000000000000000000000000000000000000000000000000000000000000000000000000
00000000000000000000000000133202100000000000000000000000000000000000000000000000
00000000000000000000000000000000000000000000000000000000000000000000000000000000
00000000000000000000000000000000000000001332021000000000000000000000000000000000
00000000000000000000000000000000000000000000000000000000000000000000000000000000
00000000000000000000000000000000000000000000000000000013320210000000000000000000
00000000000000000000000000000000000000000000000000000000000000000000000000000000
00000000000000000000000000000000000000000000000000000000000000000000133202100000
00000000000000000000000000000000000000000000000000000000000000000000000000000000
00000000000000000000000000000000000000000000000000000000000000000000000000000000
00133202100000000000000000000000000000000000000000000000000000000000000000000000
00000000000000000000000000000000000000000000000000000000000000000000000000000000
00000000000000001332021111111111111111111111111111111111111111111111111111111111
11111111111111111111111111111111111111111111111111111111111111111111111111111111
11111111111111111111111111111113322331210001003123121001110103023121001110013123
12100111011322331210010312121001111003121001111013322331210010312121001111003121
00111110332233121101312121001111003121001111013302312100003212100003020302103021
03021031231213321210000302030210003021030210003123121332121000030210302103021003
02103123121332121000030210302100302100302100312312133212100003021030211030210030
21103123121332121000030210302100030210030210003123121332121000030210030210302100
30210031231213321210000302100302100030210030211031231213321210000302100302100302
11030210031231203321210000302100302110302110302110312312033212100003021103021003
02100030210031231203321210000302110302110302100030211031231203321210000302100030
21003021010302100312312033212100003021000302110302101030211031231203321210000302
10103021030210103021003123121332121000030210103021003021010302110312312133212100
00302101030211030210103021000312312133212100003021010302100030211003021000312312
13321210000302110030210003021110302100031231213321210000302111030210003021000030
21000312312133212100003021000030210003021001030210003123121332233121101312121001
11100312100111110330231210001110130210110003021001100130231210000320211111111111
11111111111111111111111111111111111111111111111111111111111111111111111111111111
11111111111111111111111111111111111111111111111111111111111111332021000000000000
00000000000000000000000000000000000000000000000000000000000000000000000000000000
00000000000000000000000000000000000000000000000000000000000133202100000000000000
00000000000000000000000000000000000000000000000000000000000000000000000000000000
00000000000000000000000000000000000000000000000000000000013320210000000000000000
00000000000000000000000000000000000000000000000000000000000000000000000000000000
00000000000000000000000000000000000000000000000000000001332021000000000000000000
00000000000000000000000000000000000000000000000000000000000000000000000000000000
00000000000000000000000000000000000000000000000000000133202100000000000000000000
00000000000000000000000000000000000000000000000000000000000000000000000000000000
00000000000000000000000000000000000000000000000000013320210000000000000000000000
00000000000000000000000000000000000000000000000000000000000000000000000000000000
00000000000000000000000000000000000000000000000001332021000000000000000000000000
00000000000000000000000000000000000000000000000000000000000000000000000000000000
00000000000000000000000000000000000000000000000133202100000000000000000000000000
00000000000000000000000000000000000000000000000000000000000000000000000000000000
00000000000000000000000000000000000000000000013320210000000000000000000000000000
00000000000000000000000000000000000000000000000000000000000000000000000000000000
00000000000000000000000000000000000000000001332021000000000000000000000000000000
00000000000000000000000000000000000000000000000000000000000000000000000000000000
00000000000000000000000000000000000000000133202100000000000000000000000000000000
00000000000000000000000000000000000000000000000000000000000000000000000000000000
00000000000000000000000000000000000000013320210000000000000000000000000000000000
00000000000000000000000000000000000000000000000000000000000000000000000000000000
00000000000000000000000000000000000001332021000000000000000000000000000000000000
00000000000000000000000000000000000000000000000000000000000000000000000000000000
00000000000000000000000000000000000133202100000000000100000000000000010000000000
00000000000000000000000000000000000000000000000000000000000000000000000000000000
00000000000000000000000000000000013320210011111111111000001111111111100000000000
00000000000000000000000000000000000000000000000000000000000000000000000000000000
00000000000000000000000000000001332021001111111111110000111111111111000000000000
00000000000000000000000000000000000000000000000000000000000000000000000000000000
00000000000000000000000000000133202100111111111110000011111111111000000000000000
00000000000000000000000000000000000000000000000000000000000000000000000000000000
00000000000000000000000000013320210000000000010000000000000001000000000000000000
00000000000000000000000000000000000000000000000000000000000000000000000000000000
00000000000000000000000001332021000000000000000000000000000000111000000000000000
00000000000000000000000000000011100000000000000000000000000000000000000000000000
00000000000000000000000133202100000000000000000000000000000011100000000000000000
00000000000000000000000000001110000000000000000000000000000000000000000000000000
00000000000000000000013320210000000000000000000000000000001110000000000000000000
00000000000000000000000000111000000000000000000000000000000000000000000000000000
00000000000000000001332021000000000000000000000000000000111000000000000000000000
00000000000000000000000011100000000000000000000000000000000000000000000000000000
00000000000000000133202100000000000000000000000000000011100000000000000000000000
00000000000000000000001110000000000000000000000000000000000000000000000000000000
00000000000000013320210000000000000000000000000000001110000000000000000000000000
00000000000000000000111000000000000000000000000000000000000000000000000000000000
00000000000001332021000000000000000000000000000000111000000000000000000000000000
00000000000000000011100000000000000000000000000000000000000000000000000000000000
00000000000133202100000000000000000000000000000011100000000000000000000000000000
00000000000000001110000000000000000000000000000000000000000000000000000000000000
00000000013320210000000000000000000000000000001110000000000000000000000000000000
00000000000000111000000000000000000000000000000000000000000000000000000000000000
00000001332021000000000000000000000000000001111100000000000000000000000000000000
00000000000111110000000000000000000000000000000000000000000000000000000000000000
00000133202100000000000000000000000000000011100000000000000000000000000000000000
00000000001110000000000000000000000000000000000000000000000000000000000000000000
00013320210000000000000000000000000001000100000000000100000000000000010000000000
00000100010000000000000000000000000000000000000000000000000000000000000000000000
01332021000000000000000000111111111110000000000000011000000000000001100000000000
00011000000000000000000000000000000000000000000000000000000000000000000000000001
33202100000000000000000011111111111100001111111111110000111111111111000011111111
11110000000000000000000000000000000000000000000000000000000000000000000000000133
20210000000000000000001111111111100000000000000110000000000000011000000000000001
10000000000000000000000000000000000000000000000000000000000000000000000000013320
21000000000000000000000000000100000000000000010000000000000001000000000000000100
00000000000000000000000000000000000000000000000000000000000000000000000001332021
00000000000000000000000000000000000000000000000000000000000000000000000000000011
10000000000000000000000000000000000000000000000000000000000000000000000133202100
00000000000000000000000000000000000000000000000000000000000000000000000000001110
00000000000000000000000000000000000000000000000000000000000000000000013320210000
00000000000000000000000000000000000000000000000000000000000000000000000000111000
00000000000000000000000000000000000000000000000000000000000000000001332021000000
00000000000000000000000000000000000000000000000000000000000000000000000011100000
00000000000000000000000000000000000000000000000000000000000000000133202100000000
00000000000000000000000000000000000000000000000000000000000000000000001110000000
00000000000000000000000000000000000000000000000000000000000000013320210000000000
00000000000000000000000000000000000000000000000000000000000000000000111000000000
00000000000000000000000000000000000000000000000000000000000001332021000000000000
00000000000000000000000000000000000000000000000000000000000000000011100000000000
00000000000000000000000000000000000000000000000000000000000133202100000000000000
00000000000000000000000000000000000000000000000000000000000000001110000000000000
00000000000000000000000000000000000000000000000000000000013320210000000000000000
00000000000000000000000000000000000000000000000000000000000000111000000000000000
00000000000000000000000000000000000000000000000000000001332021000000000000000000
00000000000000000000000000000000000000000000000000000000000111110000000000000000
00000000000000000000000000000000000000000000000000000133202100000000000000000000
00000000000000000000000000000000000000000000000000000000001110000000000000000000
00000000000000000000000000000000000000000000000000013320210000000000000000000000
00000100000000000000010000000000000001000000000000000100010000000000000000000000
00000000000000000000000000000000000000000000000001332021000000000000000000111111
11111000000000000001100000000000000110000000000000011000000000000000000000000000
00000000000000000000000000000000000000000000000133202100000000000000000011111111
11110000111111111111000011111111111100001111111111110000000000000000000000000000
00000000000000000000000000000000000000000000013320210000000000000000001111111111
10000000000000011000000000000001100000000000000110000000000000000000000000000000
00000000000000000000000000000000000000000001332021000000000000000000000000000100
01000000000001000000000000000100000000000000010000000000000000000000000000000000
00000000000000000000000000000000000000000133202100000000000000000000000000000011
10000000000000000000000000000000000000000000001110000000000000000000000000000000
00000000000000000000000000000000000000013320210000000000000000000000000000011111
00000000000000000000000000000000000000000000111000000000000000000000000000000000
00000000000000000000000000000000000001332021000000000000000000000000000000111000
00000000000000000000000000000000000000000011100000000000000000000000000000000000
00000000000000000000000000000000000133202100000000000000000000000000000011100000
00000000000000000000000000000000000000001110000000000000000000000000000000000000
00000000000000000000000000000000013320210000000000000000000000000000001110000000
00000000000000000000000000000000000000111000000000000000000000000000000000000000
00000000000000000000000000000001332021000000000000000000000000000000111000000000
00000000000000000000000000000000000011100000000000000000000000000000000000000000
00000000000000000000000000000133202100000000000000000000000000000011100000000000
00000000000000000000000000000000001110000000000000000000000000000000000000000000
00000000000000000000000000013320210000000000000000000000000000001110000000000000
00000000000000000000000000000000111000000000000000000000000000000000000000000000
00000000000000000000000001332021000000000000000000000000000000111000000000000000
00000000000000000000000000000011100000000000000000000000000000000000000000000000
00000000000000000000000133202100000000000000000000000000000011100000000000000000
00000000000000000000000000011111000000000000000000000000000000000000000000000000
00000000000000000000013320210000000000000000000000000000001110000000000000000000
00000000000000000000000000111000000000000000000000000000000000000000000000000000
00000000000000000001332021000000000001000000000000000100000000000000000000000000
00000000000000000000000001000000000001000000000000000100000000000000010000000000
00000100000000000133202100111111111110000011111111111000000000000000000000000000
00000000000000000000000000111111111110000011111111111000001111111111100000111111
11111000000000013320210011111111111100001111111111110000000000000000000000000000
00000000000000000000000011111111111100001111111111110000111111111111000011111111
11110000000001332021001111111111100000111111111110000000000000000000000000000000
00000000000000000000001111111111100000111111111110000011111111111000001111111111
10000000000133202100000000000100000000000000010000000000000000000000000000000000
00000000000000000000000000000100000000000000010000000000000001000000000000000100
00000000013320210000000000000000000000000000000000000000000000000000000000000000
00000000000000000000000000000000000000000000000000000000000000000000000000000000
00000001332021000000000000000000000000000000000000000000000000000000000000000000
00000000000000000000000000000000000000000000000000000000000000000000000000000000
00000133202100000000000000000000000000000000000000000000000000000000000000000000
00000000000000000000000000000000000000000000000000000000000000000000000000000000
00013320210000000000000000000000000000000000000000000000000000000000000000000000
00000000000000000000000000000000000000000000000000000000000000000000000000000000
01332021000000000000000000000000000000000000000000000000000000000000000000000000
00000000000000000000000000000000000000000000000000000000000000000000000000000001
33202100000000000000000000000000000000000000000000000000000000000000000000000000
00000000000000000000000000000000000000000000000000000000000000000000000000000133
20210000000000000000000000000000000000000000000000000000000000000000000000000000
00000000000000000000000000000000000000000000000000000000000000000000000000013320
21000000000000000000000000000000000000000000000000000000000000000000000000000000
00000000000000000000000000000000000000000000000000000000000000000000000001332021
00000000000000000000000000000000000000000000000000000000000000000000000000000000
00000000000000000000000000000000000000000000000000000000000000000000000133202100
00000000000000000000000000000000000000000000000000000000000000000000000000000000
00000000000000000000000000000000000000000000000000000000000000000000013320210000
00000000000000000000000000000000000000000000000000000000000000000000000000000000
00000000000000000000000000000000000000000000000000000000000000000001332021000000
00000000000000000000000000000000000000000000000000000000000000000000000000000000
00000000000000000000000000000000000000000000000000000000000000000133202100000000
00000000000000000000000000000000000000000000000000000000000000000000000000000000
00000000000000000000000000000000000000000000000000000000000000013320210000000000
00000000000000000000000000000000000000000000000000000000000000000000000000000000
00000000000000000000000000000000000000000000000000000000000001332021000000000000
00000000000000000000000000000000000000000000000000000000000000000000000000000000
00000000000000000000000000000000000000000000000000000000000133202100000000000000
00000000000000000000000000000000000000000000000000000000000000000000000000000000
00000000000000000000000000000000000000000000000000000000013320210000000000000000
00000000000000000000000000000000000000000000000000000000000000000000000000000000
00000000000000000000000000000000000000000000000000000001332021000000000000000000
00000000000000000000000000000000000000000000000000000000000000000000000000000000
00000000000000000000000000000000000000000000000000000133202100000000000000000000
00000000000000000000000000000000000000000000000000000000000000000000000000000000
00000000000000000000000000000000000000000000000000013320210000000000000000000000
00000000000000000000000000000000000000000000000000000000000000000000000000000000
00000000000000000000000000000000000000000000000001332021111111111111111111111111
11111111111111111111111111111111111111111111111111111111111111111111111111111111
11111111111111111111111111111111111111111111111133223312100010031231212100111100
31210011110133023121001110013123121210011110031210011111033223312100103121210011
11003121001111113322331210010312121001111003121010000003322331211013121210011110
03121001111113302312100003212100003021030210030210030210031231213321210000302103
02110302100302110312312133212100003021003021003021103021003123121332121000030210
03021103021103021103123121332121000030211030210030210003021003123121332121000030
21103021103021000302110312312133212100003021000302100302101030210031231213321210
00030210003021103021010302110312312133212100003021000302100030210103021000312312
13321210000302101030210302101030210031231213321210000302101030210030210103021103
12312033212100003021010302110302101030210003123120332121000030210103021000302110
03021000312312133212100003021100302100030211103021000312312133212100003021110302
10003021000030210003123121332121000030210000302100030210010302100031231213322331
21101312121001111003121010000003302312100011101302101110130210101001302312100003
20211111111111111111111111111111111111111111111111111111111111111111111111111111
11111111111111111111111111111111111111111111111111111111111111111111111111111111
11111111111133202100000000000000000000000000000000000000000000000000000000000000
00000000000000000000000000000000000000000000000000000000000000000000000000000000
00000000000000000000000001332021000000000000000000000000000000000000000000000000
00000000000000000000000000000000000000000000000000000000000000000000000000000000
00000000000000000000000000000000000000013320210000000000000000000000000000000000
00000000000000000000000000000000000000000000000000000000000000000000000000000000
00000000000000000000000000000000000000000000000000000133202100000000000000000000
00000000000000000000000000000000000000000000000000000000000000000000000000000000
00000000000000000000000000000000000000000000000000000000000000000001332021000000
00000000000000000000000000000000000000000000000000000000000000000000000000000000
00000000000000000000000000000000000000000000000000000000000000000000000000000000
01332021000000000000000000000000000000000000000000000000000000000000000000000000
00000000000000000000000000000000000000000000000000000000000000000000000000000000
00000000000000013320210000000000000000000000000000000000000000000000000000000000
00000000000000000000000000000000000000000000000000000000000000000000000000000000
00000000000000000000000000000133202100000000000000000000000000000000000000000000
00000000000000000000000000000000000000000000000000000000000000000000000000000000
00000000000000000000000000000000000000000001332021000000000000000000000000000000
00000000000000000000000000000000000000000000000000000000000000000000000000000000
00000000000000000000000000000000000000000000000000000000013320210000000000000000
00000000000000000000000000000000000000000000000000000000000000000000000000000000
00000000000000000000000000000000000000000000000000000000000000000000000133202100
00000000000000000000000000000000000000000000000000000000000000000000000000000000
00000000000000000000000000000000000000000000000000000000000000000000000000000000
00000133202100000000000000000000000000000000000000000000000000000000000000000000
00000000000000000000000000000000000000000000000000000000000000000000000000000000
00000000000000000001332021000000000000000000000000000000000000000000000000000000
00000000000000000000000000000000000000000000000000000000000000000000000000000000
00000000000000000000000000000000013320210000000000000000000000000000000000000000
00000000000000000000000000000000000000000000000000000000000000000000000000000000
00000000000000000000000000000000000000000000000133202100000000000000000000000000
00000000000000000000000000000000000000000000000000000000000000000000000000000000
00000000000000000000000000000000000000000000000000000000000001332021000000000000
00000000000000000000000000000000000000000000000000000000000000000000000000000000
00000000000000000000000000000000000000000000000000000000000000000000000000013320
21000000000000000000000000000000000000000000000000000000000000000000000000000000
00000000000000000000000000000000000000000000000000000000000000000000000000000000
00000000013320210000000000000000000000000000000000000000000000000000000000000000
00000000000000000000000000000000000000000000000000000000000000000000000000000000
00000000000000000000000133202100000000000000000000000000000000000000000000000000
00000000000000000000000000001110000000000000000000000000000000000000000000000000
00000000000000000000000000000000000001332021000000000000000000000000000000000000
00000000000000000000000000000000000000000011100000000000000000000000000000000000
00000000000000000000000000000000000000000000000000013320210000000000000000000000
00000000000000000000000000000000000000000000000000000000111000000000000000000000
00000000000000000000000000000000000000000000000000000000000000000133202100000000
00000000000000000000000000000000000000000000000000000000000000000000001110000000
00000000000000000000000000000000000000000000000000000000000000000000000000000001
33202100000000000000000000000000000000000000000000000000000000000000000000000000
00001110000000000000000000000000000000000000000000000000000000000000000000000000
00000000000001332021000000000000000000000000000000000000000000000000000000000000
00000000000000000011100000000000000000000000000000000000000000000000000000000000
00000000000000000000000000013320210000000000000000000000000000000000000000000000
00000000000000000000000000000000111000000000000000000000000000000000000000000000
00000000000000000000000000000000000000000133202100000000000000000000000000000000
00000000000000000000000000000000000000000000001110000000000000000000000000000000
00000000000000000000000000000000000000000000000000000001332021000000000000000000
00000000000000000000000000000000000000000000000000000000000011100000000000000000
00000000000000000000000000000000000000000000000000000000000000000000013320210000
00000000000000000000000000000000000000000000000000000000000000000000000001111100
00000000000000000000000000000000000000000000000000000000000000000000000000000000
00013320210000000000000000000000000000000000000000000000000000000000000000000000
00000000111000000000000000000000000000000000000000000000000000000000000000000000
00000000000000000133202100000000000000000000000000010000000000000001000000000000
00010000000000000001000100000000000000000000000000000000000000000000000000000000
00000000000000000000000000000001332021000000000000000000111111111110000011111111
11100000111111111110000011111111111000000000000000000000000000000000000000000000
00000000000000000000000000000000000000000000013320210000000000000000001111111111
11000011111111111100001111111111110000111111111111000000000000000000000000000000
00000000000000000000000000000000000000000000000000000000000133202100000000000000
00001111111111100000111111111110000011111111111000001111111111100000000000000000
00000000000000000000000000000000000000000000000000000000000000000000000001332021
00000000000000000000000000010000000000000001000000000000000100000000000000010000
00000000000000000000000000000000000000000000000000000000000000000000000000000000
00000001332021000000000000000000000000000000000000000000000000000000000000000000
00000000000001000000000000000000000000000000000000000000000000000000000000000000
00000000000000000000013320210000000000000000000000000000000000000000000000000000
00000000000000000000000000010000000000000000000000000000000000000000000000000000
00000000000000000000000000000000000133202100000000000000000000000000000000000000
00000000000000000000000000000000000000000100000000000000000000000000000000000000
00000000000000000000000000000000000000000000000001332021000000000000000000000000
00000000000000000000000000000000000000000000000000000001000000000000000000000000
00000000000000000000000000000000000000000000000000000000000000013320210000000000
00000000000000000000000000000000000000000000000000000000000000000000010000000000
00000000000000000000000000000000000000000000000000000000000000000000000000000133
20210000000000000000000000000000000000000000000000000000000000000000000000000000
00010000000000000000000000000000000000000000000000000000000000000000000000000000
00000000000133202100000000000000000000000000000000000000000000000000000000000000
00000000000000000100000000000000000000000000000000000000000000000000000000000000
00000000000000000000000001332021000000000000000000000000000000000000000000000000
00000000000000000000000000000001000000000000000000000000000000000000000000000000
00000000000000000000000000000000000000013320210000000000000000000000000000000000
00000000000000000000000000000000000000000000010000000000000000000000000000000000
00000000000000000000000000000000000000000000000000000133202100000000000000000000
00000000000000000000000000000000000000000000000000000000011111000000000000000000
00000000000000000000000000000000000000000000000000000000000000000001332021000000
00000000000000000000000000000000000000000000000000000000000000000000000011100000
00000000000000000000000000000000000000000000000000000000000000000000000000000000
01332021000000000000000000000000000100000000000000010000000000000001000000000000
00010001000000000000000000000000000000000000000000000000000000000000000000000000
00000000000000013320210000000000000000001111111111100000111111111110000011111111
11100000111111111110000000000000000000000000000000000000000000000000000000000000
00000000000000000000000000000133202100000000000000000011111111111100001111111111
11000011111111111100001111111111110000000000000000000000000000000000000000000000
00000000000000000000000000000000000000000001332021000000000000000000111111111110
00001111111111100000111111111110000011111111111000000000000000000000000000000000
00000000000000000000000000000000000000000000000000000000013320210000000000000000
00000000000100000000000000010000000000000001000000000000000100000000000000000000
00000000000000000000000000000000000000000000000000000000000000000000000133202100
00000000000000000000000000000000000000000000000000000000000000000000000000000100
00000000000000000000000000000000000000000000000000000000000000000000000000000000
00000133202100000000000000000000000000000000000000000000000000000000000000000000
00000000000100000000000000000000000000000000000000000000000000000000000000000000
00000000000000000001332021000000000000000000000000000000000000000000000000000000
00000000000000000000000001000000000000000000000000000000000000000000000000000000
00000000000000000000000000000000013320210000000000000000000000000000000000000000
00000000000000000000000000000000000000010000000000000000000000000000000000000000
00000000000000000000000000000000000000000000000133202100000000000000000000000000
00000000000000000000000000000000000000000000000000000100000000000000000000000000
00000000000000000000000000000000000000000000000000000000000001332021000000000000
00000000000000000000000000000000000000000000000000000000000000000001000000000000
00000000000000000000000000000000000000000000000000000000000000000000000000013320
21000000000000000000000000000000000000000000000000000000000000000000000000000000
01000000000000000000000000000000000000000000000000000000000000000000000000000000
00000000013320210000000000000000000000000000000000000000000000000000000000000000
00000000000000010000000000000000000000000000000000000000000000000000000000000000
00000000000000000000000133202100000000000000000000000000000000000000000000000000
00000000000000000000000000000100000000000000000000000000000000000000000000000000
00000000000000000000000000000000000001332021000000000000000000000000000000000000
00000000000000000000000000000000000000000111110000000000000000000000000000000000
00000000000000000000000000000000000000000000000000013320210000000000000000000000
00000000000000000000000000000000000000000000000000000000111000000000000000000000
00000000000000000000000000000000000000000000000000000000000000000133202100000000
00000000000000000000000000000000000000000000000000000000000000000001000100000000
00010000000000000001000000000000000100000000000000010000000000000000000000000001
33202100000000000000000000000000000000000000000000000000000000000000000011111111
11100000111111111110000011111111111000001111111111100000111111111110000000000000
00000000000001332021000000000000000000000000000000000000000000000000000000000000
00000011111111111100001111111111110000111111111111000011111111111100001111111111
11000000000000000000000000013320210000000000000000000000000000000000000000000000
00000000000000000000111111111110000011111111111000001111111111100000111111111110
00001111111111100000000000000000000000000133202100000000000000000000000000000000
00000000000000000000000000000000000000000001000000000000000100000000000000010000
00000000000100000000000000010000000000000000000000000001332021000000000000000000
00000000000000000000000000000000000000000000000000000000000000000000000000000000
00000000000000000000000000000000000000000000000000000000000000000000013320210000
00000000000000000000000000000000000000000000000000000000000000000000000000000000
00000000000000000000000000000000000000000000000000000000000000000000000000000000
00013320210000000000000000000000000000000000000000000000000000000000000000000000
00000000000000000000000000000000000000000000000000000000000000000000000000000000
00000000000000000133202100000000000000000000000000000000000000000000000000000000
00000000000000000000000000000000000000000000000000000000000000000000000000000000
00000000000000000000000000000001332021000000000000000000000000000000000000000000
00000000000000000000000000000000000000000000000000000000000000000000000000000000
00000000000000000000000000000000000000000000013320210000000000000000000000000000
00000000000000000000000000000000000000000000000000000000000000000000000000000000
00000000000000000000000000000000000000000000000000000000000133202100000000000000
00000000000000000000000000000000000000000000000000000000000000000000000000000000
00000000000000000000000000000000000000000000000000000000000000000000000001332021
00000000000000000000000000000000000000000000000000000000000000000000000000000000
00000000000000000000000000000000000000000000000000000000000000000000000000000000
00000001332021000000000000000000000000000000000000000000000000000000000000000000
00000000000000000000000000000000000000000000000000000000000000000000000000000000
00000000000000000000013320210000000000000000000000000000000000000000000000000000
00000000000000000000000000000000000000000000000000000000000000000000000000000000
00000000000000000000000000000000000133202100000000000000000000000000000000000000
00000000000000000000000000000000000000000000000000000000000000000000000000000000
00000000000000000000000000000000000000000000000001332021000000000000000000000000
00000000000000000000000000000000000000000000000000000000000000000000000000000000
00000000000000000000000000000000000000000000000000000000000000013320210000000000
00000000000000000000000000000000000000000000000000000000000000000000000000000000
00000000000000000000000000000000000000000000000000000000000000000000000000000133
20210000000000000000000000000000000000000000000000000000000000000000000000000000
00000000000000000000000000000000000000000000000000000000000000000000000000000000
00000000000133202100000000000000000000000000000000000000000000000000000000000000
00000000000000000000000000000000000000000000000000000000000000000000000000000000
00000000000000000000000001332021000000000000000000000000000000000000000000000000
00000000000000000000000000000000000000000000000000000000000000000000000000000000
00000000000000000000000000000000000000013320210000000000000000000000000000000000
00000000000000000000000000000000000000000000000000000000000000000000000000000000
00000000000000000000000000000000000000000000000000000133202100000000000000000000
00000000000000000000000000000000000000000000000000000000000000000000000000000000
00000000000000000000000000000000000000000000000000000000000000000001332021000000
00000000000000000000000000000000000000000000000000000000000000000000000000000000
00000000000000000000000000000000000000000000000000000000000000000000000000000000
01332021000000000000000000000000000000000000000000000000000000000000000000000000
00000000000000000000000000000000000000000000000000000000000000000000000000000000
00000000000000013320210000000000000000000000000000000000000000000000000000000000
00000000000000000000000000000000000000000000000000000000000000000000000000000000
00000000000000000000000000000133202100000000000000000000000000000000000000000000
00000000000000000000000000000000000000000000000000000000000000000000000000000000
00000000000000000000000000000000000000000001332021000000000000000000000000000000
00000000000000000000000000000000000000000000000000000000000000000000000000000000
00000000000000000000000000000000000000000000000000000000013320210000000000000000
00000000000000000000000000000000000000000000000000000000000000000000000000000000
00000000000000000000000000000000000000000000000000000000000000000000000133202100
00000000000000000000000000000000000000000000000000000000000000000000000000000000
00000000000000000000000000000000000000000000000000000000000000000000000000000000
00000133202111111111111111111111111111111111111111111111111111111111111111111111
11111111111111111111111111111111111111111111111111111111111111111111111111111111
11111111111111111111332233121000100312312121001111003121001111113302312100111001
31231212100111100312101000000332233121001031210100000132233121001031210100001032
23312110131210100000130231210000321210000302030211030210302110312312133212100003
02030210003021030210003123121332121000030210302110302100302110312312133212100003
02103021000302100302100031231213321210000302100302110302110302110312312133212100
00302100302100030211030210003123121332121000030211030211030210003021103123121332
12100003021103021000302100030210003123121332121000030210003021003021000302110312
31213321210000302100030211030210003021000312312033212100003021000302100030210003
02101031231203321210000302100030210103021010302101031231203321210000302101030210
10302110030210103123120332121000030211003021010302111030210103123120332121000030
21110302101030210000302101031231203321210000302100003021010302100103021010312312
03321210000302100103021010302101003021010312312033223312110131210100001030231210
00111013021111101302101010013023121000032021111111111111111111111111111111111111
11111111111111111111111111111111111111111111111111111111111111111111111111111111
11111111111111111111111111111111111111111111111111113320210000000000000000000000
00000000000000000000000000000000000000000000000000000000000000000000000000000000
00000000000000000000000000000000000000000000000000000000000000000133202100000000
00000000000000000000000000000000000000000000000000000000000000000000000000000000
00000000000000000000000000000000000000000000000000000000000000000000000000000001
33202100000000000000000000000000000000000000000000000000000000000000000000000000
00000000000000000000000000000000000000000000000000000000000000000000000000000000
00000000000001332021000000000000000000000000000000000000000000000000000000000000
00000000000000000000000000000000000000000000000000000000000000000000000000000000
00000000000000000000000000013320210000000000000000000000000000000000000000000000
00000000000000000000000000000000000000000000000000000000000000000000000000000000
00000000000000000000000000000000000000000133202100000000000000000000000000000000
00000000000000000000000000000000000000000000000000000000000000000000000000000000
00000000000000000000000000000000000000000000000000000001332021000000000000000000
00000000000000000000000000000000000000000000000000000000000000000000000000000000
00000000000000000000000000000000000000000000000000000000000000000000013320210000
00000000000000000000000000000000000000000000000000000000000000000000000000000000
00000000000000000000000000000000000000000000000000000000000000000000000000000000
00013320210000000000000000000000000000000000000000000000000000000000000000000000
00000000000000000000000000000000000000000000000000000000000000000000000000000000
00000000000000000133202100000000000000000000000000000000000000000000000000000000
00000000000000000000000000000000000000000000000000000000000000000000000000000000
00000000000000000000000000000001332021000000000000000000000000000000000000000000
00000000000000000000000000000000000000000000000000000000000000000000000000000000
00000000000000000000000000000000000000000000013320210000000000000000000000000000
00000000000000000000000000000000000000000000000000000000000000000000000000000000
00000000000000000000000000000000000000000000000000000000000133202100000000000000
00000000000000000000000000000000000000000000000000000000000000000000000000000000
00000000000000000000000000000000000000000000000000000000000000000000000001332021
00000000000000000000000000000000000000000000000000000000000000000000000000000000
00000000000000000000000000000000000000000000000000000000000000000000000000000000
00000001332021000000000000000000000000000000000000000000000000000000000000000000
00000000000000000000000000000000000000000000000000000000000000000000000000000000
00000000000000000000013320210000000000000000000000000000000000000000000000000000
00000000000000000000000000000000000000000000000000000000000000000000000000000000
00000000000000000000000000000000000133202100000000000000000000000000000000000000
00000000000000000000000000000000000000000000000000000000000000000000000000000000
00000000000000000000000000000000000000000000000001332021000000000000000000000000
00000000000000000000000000000000000000000000000000000000000000000000000000000000
00000000000000000000000000000000000000000000000000000000000000013320210000000000
00000000000000000000000000000000000000000000000000000000000000000000000000000000
00000000000000000000000000000000000000000000000000000000000000000000000000000133
20210000000000000000000000000000000000000000000000000000000000000000000000000000
00000000000000000000000000000000000000000000000000000000000000000000000000000000
00000000000133202100000000000000000000000000000000000000000000000000000000000000
00000000000000000000000000000000000000000000000000000000000000000000000000000000
00000000000000000000000001332021000000000000000000000000000000000000000000000000
00000000000000000000000000000000000000000000000000000000000000000000000000000000
00000000000000000000000000000000000000013320210000000000000000000000000000000000
00000000000000000000000000000000000000000000000000000000000000000000000000000000
00000000000000000000000000000000000000000000000000000133202100000000000000000000
00000000000000000000000000000000000000000000000000000000000000000000000000000000
00000000000000000000000000000000000000000000000000000000000000000001332021000000
00000000000000000000000000000000000000000000000000000000000000000000000000000000
00000000000000000000000000000000000000000000000000000000000000000000000000000000
01332021000000000000000000000000000000000000000000000000000000000000000000000000
00000000000000000000000000000000000000000000000000000000000000000000000000000000
00000000000000013320210000000000000000000000000000000000000000000000000000000000
00000000000000000000000000000000000000000000000000000000000000000000000000000000
00000000000000000000000000000133202100000000000000000000000000000000000000000000
00000000000000000000000000000000000000000000000000000000000000000000000000000000
00000000000000000000000000000000000000000001332021000000000000000000000000000000
00000000000000000000000000000000000000000000000000000000000000000000000000000000
00000000000000000000000000000000000000000000000000000000013320210000000000000000
00000000000000000000000000000000000000000000000000000000000000000000000000000000
00000000000000000000000000000000000000000000000000000000000000000000000133202100
00000000000000000000000000000000000000000000000000000000000000000000000000000000
00000000000000000000000000000000000000000000000000000000000000000000000000000000
00000133202100000000000000000000000000000000000000000000000000000000000000000000
00000000000000000000000000000000000000000000000000000000000000000000000000000000
00000000000000000001332021000000000000000000000000000000000000000000000000000000
00000000000000000000000000000000000000000000000000000000000000000000000000000000
00000000000000000000000000000000013320210000000000000000000000000000000000000000
00000000000000000000000000000000000000000000000000000000000000000000000000000000
00000000000000000000000000000000000000000000000133202100000000000000000000000000
00000000000000000000000000000000000011100000000000000000000000000000000000000000
00000000000000000000000000000000000000000000000000000000000001332021000000000000
00000000000000000000000000000000000000000000000000111000000000000000000000000000
00000000000000000000000000000000000000000000000000000000000000000000000000013320
21000000000000000000000000000000000000000000000000000000000000001110000000000000
00000000000000000000000000000000000000000000000000000000000000000000000000000000
00000000013320210000000000000000000000000000000000000000000000000000000000000011
10000000000000000000000000000000000000000000000000000000000000000000000000000000
00000000000000000000000133202100000000000000000000000000000000000000000000000000
00000000000011100000000000000000000000000000000000000000000000000000000000000000
00000000000000000000000000000000000001332021000000000000000000000000000000000000
00000000000000000000000000111000000000000000000000000000000000000000000000000000
00000000000000000000000000000000000000000000000000013320210000000000000000000000
00000000000000000000000000000000000000001110000000000000000000000000000000000000
00000000000000000000000000000000000000000000000000000000000000000133202100000000
00000000000000000000000000000000000000000000000000000011100000000000000000000000
00000000000000000000000000000000000000000000000000000000000000000000000000000001
33202100000000000000000000000000000000000000000000000000000000000000111000000000
00000000000000000000000000000000000000000000000000000000000000000000000000000000
00000000000001332021000000000000000000000000000000000000000000000000000000000000
01111100000000000000000000000000000000000000000000000000000000000000000000000000
00000000000000000000000000013320210000000000000000000000000000000000000000000000
00000000000000001110000000000000000000000000000000000000000000000000000000000000
00000000000000000000000000000000000000000133202100000000000100000000000000010000
00000000000100000000000000010001000000000000000000000000000000000000000000000000
00000000000000000000000000000000000000000000000000000001332021001111111111100000
11111111111000001111111111100000111111111110000000000000000000000000000000000000
00000000000000000000000000000000000000000000000000000000000000000000013320210011
11111111110000111111111111000011111111111100001111111111110000000000000000000000
00000000000000000000000000000000000000000000000000000000000000000000000000000000
00013320210011111111111000001111111111100000111111111110000011111111111000000000
00000000000000000000000000000000000000000000000000000000000000000000000000000000
00000000000000000133202100000000000100000000000000010000000000000001000000000000
00010000000000000000000000000000000000000000000000000000000000000000000000000000
00000000000000000000000000000001332021000000000000000000000000000000000000000000
00000000000000000000010000000000000000000000000000000000000000000000000000000000
00000000000000000000000000000000000000000000013320210000000000000000000000000000
00000000000000000000000000000000000100000000000000000000000000000000000000000000
00000000000000000000000000000000000000000000000000000000000133202100000000000000
00000000000000000000000000000000000000000000000001000000000000000000000000000000
00000000000000000000000000000000000000000000000000000000000000000000000001332021
00000000000000000000000000000000000000000000000000000000000000010000000000000000
00000000000000000000000000000000000000000000000000000000000000000000000000000000
00000001332021000000000000000000000000000000000000000000000000000000000000000100
00000000000000000000000000000000000000000000000000000000000000000000000000000000
00000000000000000000013320210000000000000000000000000000000000000000000000000000
00000000000100000000000000000000000000000000000000000000000000000000000000000000
00000000000000000000000000000000000133202100000000000000000000000000000000000000
00000000000000000000000001000000000000000000000000000000000000000000000000000000
00000000000000000000000000000000000000000000000001332021000000000000000000000000
00000000000000000000000000000000000000010000000000000000000000000000000000000000
00000000000000000000000000000000000000000000000000000000000000013320210000000000
00000000000000000000000000000000000000000000000000000100000000000000000000000000
00000000000000000000000000000000000000000000000000000000000000000000000000000133
20210000000000000000000000000000000000000000000000000000000000000111110000000000
00000000000000000000000000000000000000000000000000000000000000000000000000000000
00000000000133202100000000000000000000000000000000000000000000000000000000000000
11100000000000000000000000000000000000000000000000000000000000000000000000000000
00000000000000000000000001332021000000000001000000000000000100000000000000010000
00000000000100010000000000000000000000000000000000000000000000000000000000000000
00000000000000000000000000000000000000013320210011111111111000001111111111100000
11111111111000001111111111100000000000000000000000000000000000000000000000000000
00000000000000000000000000000000000000000000000000000133202100111111111111000011
11111111110000111111111111000011111111111100000000000000000000000000000000000000
00000000000000000000000000000000000000000000000000000000000000000001332021001111
11111110000011111111111000001111111111100000111111111110000000000000000000000000
00000000000000000000000000000000000000000000000000000000000000000000000000000000
01332021000000000001000000000000000100000000000000010000000000000001000000000000
00000000000000000000000000000000000000000000000000000000000000000000000000000000
00000000000000013320210000000000000000000000000000000000000000000000000000000000
00000100000000000000000000000000000000000000000000000000000000000000000000000000
00000000000000000000000000000133202100000000000000000000000000000000000000000000
00000000000000000001000000000000000000000000000000000000000000000000000000000000
00000000000000000000000000000000000000000001332021000000000000000000000000000000
00000000000000000000000000000000010000000000000000000000000000000000000000000000
00000000000000000000000000000000000000000000000000000000013320210000000000000000
00000000000000000000000000000000000000000000000100000000000000000000000000000000
00000000000000000000000000000000000000000000000000000000000000000000000133202100
00000000000000000000000000000000000000000000000000000000000001000000000000000000
00000000000000000000000000000000000000000000000000000000000000000000000000000000
00000133202100000000000000000000000000000000000000000000000000000000000000010000
00000000000000000000000000000000000000000000000000000000000000000000000000000000
00000000000000000001332021000000000000000000000000000000000000000000000000000000
00000000010000000000000000000000000000000000000000000000000000000000000000000000
00000000000000000000000000000000013320210000000000000000000000000000000000000000
00000000000000000000000100000000000000000000000000000000000000000000000000000000
00000000000000000000000000000000000000000000000133202100000000000000000000000000
00000000000000000000000000000000000001000000000000000000000000000000000000000000
00000000000000000000000000000000000000000000000000000000000001332021000000000000
00000000000000000000000000000000000000000000000001111100000000000000000000000000
00000000000000000000000000000000000000000000000000000000000000000000000000013320
21000000000000000000000000000000000000000000000000000000000000001110000000000000
00000000000000000000000000000000000000000000000000000000000000000000000000000000
00000000013320210000000000000000000000000000000000000000000000000000000000000001
00000000000100000000000000010000000000000001000000000000000100000000000000010000
00000000000100000000000133202100000000000000000000000000000000000000000000000000
00000000000000000000000001100000000000000110000000000000011000000000000001100000
00000000011000000000000001100000000001332021000000000000000000000000000000000000
00000000000000000000000000000011111111111100001111111111110000111111111111000011
11111111110000111111111111000011111111111100000000013320210000000000000000000000
00000000000000000000000000000000000000000000000000000110000000000000011000000000
00000110000000000000011000000000000001100000000000000110000000000133202100000000
00000000000000000000000000000000000000000000000000000000000000000001000000000000
00010000000000000001000000000000000100000000000000010000000000000001000000000001
33202100000000000000000000000000000000000000000000000000000000000000000000000000
00000000000000000000000000000000000000000000000000000000000000000000000000000000
00000000000001332021000000000000000000000000000000000000000000000000000000000000
00000000000000000000000000000000000000000000000000000000000000000000000000000000
00000000000000000000000000013320210000000000000000000000000000000000000000000000
00000000000000000000000000000000000000000000000000000000000000000000000000000000
00000000000000000000000000000000000000000133202100000000000000000000000000000000
00000000000000000000000000000000000000000000000000000000000000000000000000000000
00000000000000000000000000000000000000000000000000000001332021000000000000000000
00000000000000000000000000000000000000000000000000000000000000000000000000000000
00000000000000000000000000000000000000000000000000000000000000000000013320210000
00000000000000000000000000000000000000000000000000000000000000000000000000000000
00000000000000000000000000000000000000000000000000000000000000000000000000000000
00013320210000000000000000000000000000000000000000000000000000000000000000000000
00000000000000000000000000000000000000000000000000000000000000000000000000000000
00000000000000000133202100000000000000000000000000000000000000000000000000000000
00000000000000000000000000000000000000000000000000000000000000000000000000000000
00000000000000000000000000000001332021000000000000000000000000000000000000000000
00000000000000000000000000000000000000000000000000000000000000000000000000000000
00000000000000000000000000000000000000000000013320210000000000000000000000000000
00000000000000000000000000000000000000000000000000000000000000000000000000000000
00000000000000000000000000000000000000000000000000000000000133202100000000000000
00000000000000000000000000000000000000000000000000000000000000000000000000000000
00000000000000000000000000000000000000000000000000000000000000000000000001332021
00000000000000000000000000000000000000000000000000000000000000000000000000000000
00000000000000000000000000000000000000000000000000000000000000000000000000000000
00000001332021000000000000000000000000000000000000000000000000000000000000000000
00000000000000000000000000000000000000000000000000000000000000000000000000000000
00000000000000000000013320210000000000000000000000000000000000000000000000000000
00000000000000000000000000000000000000000000000000000000000000000000000000000000
00000000000000000000000000000000000133202100000000000000000000000000000000000000
00000000000000000000000000000000000000000000000000000000000000000000000000000000
00000000000000000000000000000000000000000000000001332021000000000000000000000000
00000000000000000000000000000000000000000000000000000000000000000000000000000000
00000000000000000000000000000000000000000000000000000000000000013320210000000000
00000000000000000000000000000000000000000000000000000000000000000000000000000000
00000000000000000000000000000000000000000000000000000000000000000000000000000133
20210000000000000000000000000000000000000000000000000000000000000000000000000000
00000000000000000000000000000000000000000000000000000000000000000000000000000000
00000000000133202100000000000000000000000000000000000000000000000000000000000000
00000000000000000000000000000000000000000000000000000000000000000000000000000000
00000000000000000000000001332021000000000000000000000000000000000000000000000000
00000000000000000000000000000000000000000000000000000000000000000000000000000000
00000000000000000000000000000000000000013320210000000000000000000000000000000000
00000000000000000000000000000000000000000000000000000000000000000000000000000000
00000000000000000000000000000000000000000000000000000133202100000000000000000000
00000000000000000000000000000000000000000000000000000000000000000000000000000000
00000000000000000000000000000000000000000000000000000000000000000001332021000000
00000000000000000000000000000000000000000000000000000000000000000000000000000000
00000000000000000000000000000000000000000000000000000000000000000000000000000000
01332021000000000000000000000000000000000000000000000000000000000000000000000000
00000000000000000000000000000000000000000000000000000000000000000000000000000000
00000000000000013320210000000000000000000000000000000000000000000000000000000000
00000000000000000000000000000000000000000000000000000000000000000000000000000000
00000000000000000000000000000133202100000000000000000000000000000000000000000000
00000000000000000000000000000000000000000000000000000000000000000000000000000000
00000000000000000000000000000000000000000001332021000000000000000000000000000000
00000000000000000000000000000000000000000000000000000000000000000000000000000000
00000000000000000000000000000000000000000000000000000000013320210000000000000000
00000000000000000000000000000000000000000000000000000000000000000000000000000000
00000000000000000000000000000000000000000000000000000000000000000000000133202100
00000000000000000000000000000000000000000000000000000000000000000000000000000000
00000000000000000000000000000000000000000000000000000000000000000000000000000000
00000133202100000000000000000000000000000000000000000000000000000000000000000000
00000000000000000000000000000000000000000000000000000000000000000000000000000000
00000000000000000001332021000000000000000000000000000000000000000000000000000000
00000000000000000000000000000000000000000000000000000000000000000000000000000000
00000000000000000000000000000000013320210000000000000000000000000000000000000000
00000000000000000000000000000000000000000000000000000000000000000000000000000000
00000000000000000000000000000000000000000000000133202100000000000000000000000000
00000000000000000000000000000000000000000000000000000000000000000000000000000000
00000000000000000000000000000000000000000000000000000000000001332021000000000000
00000000000000000000000000000000000000000000000000000000000000000000000000000000
00000000000000000000000000000000000000000000000000000000000000000000000000013320
21000000000000000000000000000000000000000000000000000000000000000000000000000000
00000000000000000000000000000000000000000000000000000000000000000000000000000000
00000000013320210000000000000000000000000000000000000000000000000000000000000000
00000000000000000000000000000000000000000000000000000000000000000000000000000000
00000000000000000000000133202100000000000000000000000000000000000000000000000000
00000000000000000000000000000000000000000000000000000000000000000000000000000000
00000000000000000000000000000000000001332021000000000000000000000000000000000000
00000000000000000000000000000000000000000000000000000000000000000000000000000000
00000000000000000000000000000000000000000000000000013320210000000000000000000000
00000000000000000000000000000000000000000000000000000000000000000000000000000000
00000000000000000000000000000000000000000000000000000000000000000133202100000000
00000000000000000000000000000000000000000000000000000000000000000000000000000000
00000000000000000000000000000000000000000000000000000000000000000000000000000001
33202100000000000000000000000000000000000000000000000000000000000000000000000000
00000000000000000000000000000000000000000000000000000000000000000000000000000000
00000000000001332021111111111111111111111111111111111111111111111111111111111111
11111111111111111111111111111111111111111111111111111111111111111111111111111111
11111111111111111111111111113322331210001003123121010000013023121001110013123121
01000010322331210010312101000011322331210010312101000100322331211013121010000113
02312100003212100003021003021000302110302100031231213321210000302110302100030210
00302100031231213321210000302100030211030210003021000312312133212100003021010302
11030210003021103123121332121000030210003021000302101030210003123120332121000030
21100302110302101030211031231203321210000302101030210003021100302100031231203321
21000030211003021000302110030211031231203321210000302110030210003021110302100031
23120332121000030211103021000302100003021000312312033223312110131210100010030231
21000111013021111000302101010013023121000032021111111111111111111111111111111111
11111111111111111111111111111111111111111111111111111111111111111111111111111111
11111111111111111111111111111111111111111111111111111113320210000000000000000000
00000000000000000000000000000000000000000000000000000000000000000000000000000000
00000000000000000000000000000000000000000000000000000000000000000000133202100000
00000000000000000000000000000000000000000000000000000000000000000000000000000000
00000000000000000000000000000000000000000000000000000000000000000000000000000000
00133202100000000000000000000000000000000000000000000000000000000000000000000000
00000000000000000000000000000000000000000000000000000000000000000000000000000000
00000000000000001332021000000000000000000000000000000000000000000000000000000000
00000000000000000000000000000000000000000000000000000000000000000000000000000000
00000000000000000000000000000013320210000000000000000000000000000000000000000000
00000000000000000000000000000000000000000000000000000000000000000000000000000000
00000000000000000000000000000000000000000000133202100000000000000000000000000000
00000000000000000000000000000000000000000000000000000000000000000000000000000000
00000000000000000000000000000000000000000000000000000000001332021000000000000000
00000000000000000000000000000000000000000000000000000000000000000000000000000000
00000000000000000000000000000000000000000000000000000000000000000000000013320210
00000000000000000000000000000000000000000000000000000000000000000000000000000000
00000000000000000000000000000000000000000000000000000000000000000000000000000000
00000013320210000000000000000000000000000000000000000000000000000000000000000000
00000000000000000000000000000000000000000000000000000000000000000000000000000000
00000000000000000000133202100000000000000000000000000000000000000000000000000000
00000000000000000000000000000000000000000000000000000000000000000000000000000000
00000000000000000000000000000000001332021000000000000000000000000000000000000000
00000000000000000000000000000000000000000000000000000000000000000000000000000000
00000000000000000000000000000000000000000000000013320210000000000000000000000000
00000000000000000000000000000000000000000000000000000000000000000000000000000000
00000000000000000000000000000000000000000000000000000000000000133202100000000000
00000000000000000000000000000000000000000000000000000000000000000000000000000000
00000000000000000000000000000000000000000000000000000000000000000000000000001332
02100000000000000000000000000000000000000000000000000000000000000000000000000000
00000000000000000000000000000000000000000000000000000000000000000000000000000000
00000000001332021000000000000000000000000000000000000000000000000000000000000000
00000000000000000000000000000000000000000000000000000000000000000000000000000000
00000000000000000000000013320210000000000000000000000000000000000000000000000000
00000000000000000000000000000000000000000000000000000000000000000000000000000000
00000000000000000000000000000000000000133202100000000000000000000000000000000000
00000000000000000000000000000000000000000000000000000000000000000000000000000000
00000000000000000000000000000000000000000000000000001332021000000000000000000000
00000000000000000000000000000000000000000000000000000000000000000000000000000000
00000000000000000000000000000000000000000000000000000000000000000013320210000000
00000000000000000000000000000000000000000000000000000000000000000000000000000000
00000000000000000000000000000000000000000000000000000000000000000000000000000000
13320210000000000000000000000000000000000000000000000000000000000000000000000000
00000000000000000000000000000000000000000000000000000000000000000000000000000000
00000000000000133202100000000000000000000000000000000000000000000000000000000000
00000000000000000000000000000000000000000000000000000000000000000000000000000000
00000000000000000000000000001332021000000000000000000000000000000000000000000000
00000000000000000000000000000000000000000000000000000000000000000000000000000000
00000000000000000000000000000000000000000013320210000000000000000000000000000000
00000000000000000000000000000000000000000000000000000000000000000000000000000000
00000000000000000000000000000000000000000000000000000000133202100000000000000000
00000000000000000000000000000000000000000000000000000000000000000000000000000000
00000000000000000000000000000000000000000000000000000000000000000000001332021000
00000000000000000000000000000000000000000000000000000000000000000000000000000000
00000000000000000000000000000000000000000000000000000000000000000000000000000000
00001332021000000000000000000000000000000000000000000000000000000000000000000000
00000000000000000000000000000000000000000000000000000000000000000000000000000000
00000000000000000013320210000000000000000000000000000000000000000000000000000000
00000000000000000000000000000000000000000000000000000000000000000000000000000000
00000000000000000000000000000000133202100000000000000000000000000000000000000000
00000000000000000000000000000000000000000000000000000000000000000000000000000000
00000000000000000000000000000000000000000000001332021000000000000000000000000000
00000000000000000000000000000000000000000000000000000000000000000000000000000000
00000000000000000000000000000000000000000000000000000000000013320210000000000000
00000000000000000000000000000000000000000000000000000000000000000000000000000000
00000000000000000000000000000000000000000000000000000000000000000000000000133202
10000000000000000000000000000000000000000000000000000000000000000000000000000000
00000000000000000000000000000000000000000000000000000000000000000000000000000000
00000000133202100000000000000000000000000000000000000000000000000000000000000000
00000000000000000000000000000000000000000000000000000000000000000000000000000000
00000000000000000000001332021000000000000000000000000000000000000000000000000000
00000000000000000000000000000000000000000000000000000000000000000000000000000000
00000000000000000000000000000000000013320210000000000000000000000000000000000000
00000000000000000000000000000000000000000000000000000000000000000000000000000000
00000000000000000000000000000000000000000000000000133202100000000000000000000000
00000000000000000000000000000000000000000000000000000000000000000000000000000000
00000000000000000000000000000000000000000000000000000000000000001332021000000000
00000000000000000000000000000000000000000000000000000000000000000000000000000000
00000000000000000000000000000000000000000000000000000000000000000000000000000013
32021000000000000000000000000000000000000000000000000000000000000000000000000000
00000000000000000000000000000000000000000000000000000000000000000000000000000000
00000000000013320210000000000000000000000000000000000000000000000000000000000000
00000000000000000000000000000000000000000000000000000000000000000000000000000000
00000000000000000000000000133202100000000000000000000000000000000000000000000000
00000000000000000000000000000000000000000000000000000000000000000000000000000000
00000000000000000000000000000000000000001332021000000000000000000000000000000000
00000000000000000000000000000000000000000000000000000000000000000000000000000000
00000000000000000000000000000000000000000000000000000013320210000000000000000000
00000000000000000000000000000000000000000000000000000000000000000000000000000000
00000000000000000000000000000000000000000000000000000000000000000000133202100000
00000000000000000000000000000000000000000000000000000000000000000000000000000000
00000000000000000000000000000000000000000000000000000000000000000000000000000000
00133202100000000000000000000000000000000000000000000000000000000000000000000000
00000000000000000000000000000000000000000000000000000000000000000000000000000000
00000000000000001332021000000000000000000000000000000000000000000000000000000000
00000000000000000000000000000000000000000000000000000000000000000000000000000000
00000000000000000000000000000013320210000000000000000000000000000000000000000000
00000000000000000000000000000000000000000000000000000000000000000000000000000000
00000000000000000000000000000000000000000000133202100000000000000000000000000000
00000000000000000000000000000000000000100000000000000010000000000000000000000000
00000000000000000000000000000000000000000000000000000000001332021000000000000000
00000000000000000000000000000000000000000000000000011111111111000001100000000000
00000000000000000000000000000000000000000000000000000000000000000000000013320210
00000000000000000000000000000000000000000000000000000000000000001111111111110000
11111111111100000000000000000000000000000000000000000000000000000000000000000000
00000013320210000000000000000000000000000000000000000000000000000000000000000001
11111111110000011000000000000000000000000000000000000000000000000000000000000000
00000000000000000000133202100000000000000000000000000000000000000000000000000000
00000000000000100000000000000010000000000010000000000000000000000000000000000000
00000000000000000000000000000000001332021000000000000000000000000000000000000000
00000000000000000000000111000000000000000000000000000001110000000000000000000000
00000000000000000000000000000000000000000000000013320210000000000000000000000000
00000000000000000000000000000000000001110000000000000000000000000000111110000000
00000000000000000000000000000000000000000000000000000000000000133202100000000000
00000000000000000000000000000000000000000000000000011100000000000000000000000000
00001000000000000000000000000000000000000000000000000000000000000000000000001332
02100000000000000000000000000000000000000000000000000000000000000111000000000000
00000000000000000010000000000000000000000000000000000000000000000000000000000000
00000000001332021000000000000000000000000000000000000000000000000000000000000001
11000000000000000000000000000000100000000000000000000000000000000000000000000000
00000000000000000000000013320210000000000000000000000000000000000000000000000000
00000000000001110000000000000000000000000000001000000000000000000000000000000000
00000000000000000000000000000000000000133202100000000000000000000000000000000000
00000000000000000000000000011100000000000000000000000000000010000000000000000000
00000000000000000000000000000000000000000000000000001332021000000000000000000000
00000000000000000000000000000000000000000111000000000000000000000000000000100000
00000000000000000000000000000000000000000000000000000000000000000013320210000000
00000000000000000000000000000000000000000000000000000001110000000000000000000000
00000000100000000000000000000000000000000000000000000000000000000000000000000000
13320210000000000000000000000000000000000000000000000000000000000000111110000000
00000000000000000000001000000000000000000000000000000000000000000000000000000000
00000000000000133202100000000000000000000000000000000000000000000000000000000000
00011100000000000000000000000000000010000000000000000000000000000000000000000000
00000000000000000000000000001332021000000000000000000000000000000000000000000010
00000000000000100010000000000010000000000000001000000000000000100000000000000010
00000000000000000000000000000000000000000013320210000000000000000000000000000000
00011111111111000001111111111100000000000000110000000000000011000000000000001100
00000000000011000000000000000000000000000000000000000000133202100000000000000000
00000000000000000111111111111000011111111111100001111111111110000111111111111000
01111111111110000111111111111000000000000000000000000000000000000000001332021000
00000000000000000000000000000001111111111100000111111111110000000000000011000000
00000000110000000000000011000000000000001100000000000000000000000000000000000000
00001332021000000000000000000000000000000000000000000010000000000000001000000000
00000010000000000000001000000000000000100000000000000010000000000000000000000000
00000000000000000013320210000000000000000000000000000000000000000000000000000000
00000000000000000000000000000000000000000000000000000000000000000000000000000000
00000000000000000000000000000000133202100000000000000000000000000000000000000000
00000000000000000000000000000000000000000000000000000000000000000000000000000000
00000000000000000000000000000000000000000000001332021000000000000000000000000000
00000000000000000000000000000000000000000000000000000000000000000000000000000000
00000000000000000000000000000000000000000000000000000000000013320210000000000000
00000000000000000000000000000000000000000000000000000000000000000000000000000000
00000000000000000000000000000000000000000000000000000000000000000000000000133202
10000000000000000000000000000000000000000000000000000000000000000000000000000000
00000000000000000000000000000000000000000000000000000000000000000000000000000000
00000000133202100000000000000000000000000000000000000000000000000000000000000000
00000000000000000000000000000000000000000000000000000000000000000000000000000000
00000000000000000000001332021000000000000000000000000000000000000000000000000000
00000000000000000000000000000000000000000000000000000000000000000000000000000000
00000000000000000000000000000000000013320210000000000000000000000000000000000000
00000000000000000000000000000000000000000000000000000000000000000000000000000000
00000000000000000000000000000000000000000000000000133202100000000000000000000000
00000000000000000000000000000000000000000000000000000000000000000000000000000000
00000000000000000000000000000000000000000000000000000000000000001332021000000000
00000000000000000000000000000000000000000000000000000000000000000000000000000000
00000000000000000000000000000000000000000000000000000000000000000000000000000013
32021000000000000000000000000000000000000000000000000000000000000000000000000000
00000000000000000000000000000000000000000000000000000000000000000000000000000000
00000000000013320210000000000000000000000000000000000000000000000000000000000000
00000000000000000000000000000000000000000000000000000000000000000000000000000000
00000000000000000000000000133202100000000000000000000000000000000000000000000000
00000000000000000000000000000000000000000000000000000000000000000000000000000000
00000000000000000000000000000000000000001332021000000000000000000000000000000000
00000000000000000000000000000000000000000000000000000000000000000000000000000000
00000000000000000000000000000000000000000000000000000013320210000000000000000000
00000000000000000000000000000000000000000000000000000000000000000000000000000000
00000000000000000000000000000000000000000000000000000000000000000000133202100000
00000000000000000000000000000000000000000000000000000000000000000000000000000000
00000000000000000000000000000000000000000000000000000000000000000000000000000000
00133202100000000000000000000000000000000000000000000000000000000000000000000000
00000000000000000000000000000000000000000000000000000000000000000000000000000000
00000000000000001332021000000000000000000000000000000000000000000000000000000000
00000000000000000000000000000000000000000000000000000000000000000000000000000000
00000000000000000000000000000013320210000000000000000000000000000000000000000000
00000000000000000000000000000000000000000000000000000000000000000000000000000000
00000000000000000000000000000000000000000000133202100000000000000000000000000000
00000000000000000000000000000000000000000000000000000000000000000000000000000000
00000000000000000000000000000000000000000000000000000000001332021000000000000000
00000000000000000000000000000000000000000000000000000000000000000000000000000000
00000000000000000000000000000000000000000000000000000000000000000000000013320210
00000000000000000000000000000000000000000000000000000000000000000000000000000000
00000000000000000000000000000000000000000000000000000000000000000000000000000000
00000013320210000000000000000000000000000000000000000000000000000000000000000000
00000000000000000000000000000000000000000000000000000000000000000000000000000000
00000000000000000000133202100000000000000000000000000000000000000000000000000000
00000000000000000000000000000000000000000000000000000000000000000000000000000000
00000000000000000000000000000000001332021000000000000000000000000000000000000000
00000000000000000000000000000000000000000000000000000000000000000000000000000000
00000000000000000000000000000000000000000000000013320210000000000000000000000000
00000000000000000000000000000000000000000000000000000000000000000000000000000000
00000000000000000000000000000000000000000000000000000000000000133202100000000000
00000000000000000000000000000000000000000000000000000000000000000000000000000000
00000000000000000000000000000000000000000000000000000000000000000000000000001332
02100000000000000000000000000000000000000000000000000000000000000000000000000000
00000000000000000000000000000000000000000000000000000000000000000000000000000000
00000000001332021000000000000000000000000000000000000000000000000000000000000000
00000000000000000000000000000000000000000000000000000000000000000000000000000000
00000000000000000000000013320210000000000000000000000000000000000000000000000000
00000000000000000000000000000000000000000000000000000000000000000000000000000000
00000000000000000000000000000000000000133202100000000000000000000000000000000000
00000000000000000000000000000000000000000000000000000000000000000000000000000000
00000000000000000000000000000000000000000000000000001332021000000000000000000000
00000000000000000000000000000000000000000000000000000000000000000000000000000000
00000000000000000000000000000000000000000000000000000000000000000013320210000000
00000000000000000000000000000000000000000000000000000000000000000000000000000000
00000000000000000000000000000000000000000000000000000000000000000000000000000000
13320210000000000000000000000000000000000000000000000000000000000000000000000000
00000000000000000000000000000000000000000000000000000000000000000000000000000000
00000000000000133202100000000000000000000000000000000000000000000000000000000000
00000000000000000000000000000000000000000000000000000000000000000000000000000000
00000000000000000000000000001332021000000000000000000000000000000000000000000000
00000000000000000000000000000000000000000000000000000000000000000000000000000000
00000000000000000000000000000000000000000013320210000000000000000000000000000000
00000000000000000000000000000000000000000000000000000000000000000000000000000000
00000000000000000000000000000000000000000000000000000000133202100000000000000000
00000000000000000000000000000000000000000000000000000000000000000000000000000000
00000000000000000000000000000000000000000000000000000000000000000000001332021000
00000000000000000000000000000000000000000000000000000000000000000000000000000000
00000000000000000000000000000000000000000000000000000000000000000000000000000000
00001332021000000000000000000000000000000000000000000000000000000000000000000000
00000000000000000000000000000000000000000000000000000000000000000000000000000000
00000000000000000013320210000000000000000000000000000000000000000000000000000000
00000000000000000000000000000000000000000000000000000000000000000000000000000000
00000000000000000000000000000000133202100000000000000000000000000000000000000000
00000000000000000000000000000000000000000000000000000000000000000000000000000000
00000000000000000000000000000000000000000000001332021000000000000000000000000000
00000000000000000000000000000000000000000000000000000000000000000000000000000000
00000000000000000000000000000000000000000000000000000000000013320210000000000000
00000000000000000000000000000000000000000000000000000000000000000000000000000000
00000000000000000000000000000000000000000000000000000000000000000000000000133202
10000000000000000000000000000000000000000000000000000000000000000000000000000000
00000000000000000000000000000000000000000000000000000000000000000000000000000000
00000000133202100000000000000000000000000000000000000000000000000000000000000000
00000000000000000000000000000000000000000000000000000000000000000000000000000000
00000000000000000000001332021000000000000000000000000000000000000000000000000000
00000000000000000000000000000000000000000000000000000000000000000000000000000000
00000000000000000000000000000000000013320210000000000000000000000000000000000000
00000000000000000000000000000000000000000000000000000000000000000000000000000000
00000000000000000000000000000000000000000000000000133202100000000000000000000000
00000000000000000000000000000000000000000000000000000000000000000000000000000000
00000000000000000000000000000000000000000000000000000000000000001332021000000000
00000000000000000000000000000000000000000000000000000000000000000000000000000000
00000000000000000000000000000000000000000000000000000000000000000000000000000013
32021000000000000000000000000000000000000000000000000000000000000000000000000000
00000000000000000000000000000000000000000000000000000000000000000000000000000000
00000000000013320210000000000000000000000000000000000000000000000000000000000000
00000000000000000000000000000000000000000000000000000000000000000000000000000000
00000000000000000000000000133202111111111111111111111111111111111111111111111111
11111111111111111111111111111111111111111111111111111111111111111111111111111111
11111111111111111111111111111111111111111332233121000100312312101000011302312100
11100131231210100010032233121001031210100010132233121001031210100011032233121101
31210100010130231210000321210000302030210302103021031231213321210000302030210003
02103021000312312133212100003021030210302100302103123121332121000030210302100030
21003021000312312133212100003021003021030211030210312312133212100003021003021103
02110302110312312133212100003021003021000302110302100031231213321210000302110302
10003021103021103123121332121000030211030210302100030210312312133212100003021103
02110302100030211031231203321210000302100030210030210003021103123120332121000030
21000302103021010302103123121332121000030210103021003021000302100312312033212100
00302100030211030210103021103123120332121000030210103021103021010302100031231203
32121000030210103021030211003021031231213321210000302110030210030210103021003123
12033212100003021010302110302110030211031231203321210000302101030210003021100302
10003123120332121000030211003021103021100302100312312033212100003021100302103021
11030210312312133212100003021110302100302110030210031231203321210000302110030210
00302111030210003123120332121000030211103021030211103021003123121332121000030210
00030210030211103021003123121332121000030211103021000302100003021000312312033212
10000302100003021000302100103021000312312033212100003021001030210003021010030210
00312312033223312110131210100011030231210001110130210110003021010100130231210000
32021111111111111111111111111111111111111111111111111111111111111111111111111111
11111111111111111111111111111111111111111111111111111111111111111111111111111111
11111111111113320210000000000000000000000000000000000000000000000000000000000000
00000000000000000000000000000000000000000000000000000000000000000000000000000000
00000000000000000000000000133202100000000000000000000000000000000000000000000000
00000000000000000000000000000000000000000000000000000000000000000000000000000000
00000000000000000000000000000000000000001332021000000000000000000000000000000000
00000000000000000000000000000000000000000000000000000000000000000000000000000000
00000000000000000000000000000000000000000000000000000013320210000000000000000000
00000000000000000000000000000000000000000000000000000000000000000000000000000000
00000000000000000000000000000000000000000000000000000000000000000000133202100000
00000000000000000000000000000000000000000000000000000000000000000000000000000000
00000000000000000000000000000000000000000000000000000000000000000000000000000000
00133202100000000000000000000000000000000000000000000000000000000000000000000000
00000000000000000000000000000000000000000000000000000000000000000000000000000000
00000000000000001332021000000000000000000000000000000000000000000000000000000000
00000000000000000000000000000000000000000000000000000000000000000000000000000000
00000000000000000000000000000013320210000000000000000000000000000000000000000000
00000000000000000000000000000000000000000000000000000000000000000000000000000000
00000000000000000000000000000000000000000000133202100000000000000000000000000000
00000000000000000000000000000000000000000000000000000000000000000000000000000000
00000000000000000000000000000000000000000000000000000000001332021000000000000000
00000000000000000000000000000000000000000000000000000000000000000000000000000000
00000000000000000000000000000000000000000000000000000000000000000000000013320210
00000000000000000000000000000000000000000000000000000000000000000000000000000000
00000000000000000000000000000000000000000000000000000000000000000000000000000000
00000013320210000000000000000000000000000000000000000000000000000000000000000000
00000000000000000000000000000000000000000000000000000000000000000000000000000000
00000000000000000000133202100000000000000000000000000000000000000000000000000000
00000000000000000000000000000000000000000000000000000000000000000000000000000000
00000000000000000000000000000000001332021000000000001000000000000000100000000000
00001000000000000000100000000000000010000000000000001000000000000000100000000000
00000000000000000000000000000000000000000000000013320210011111111111000001111111
11110000011111111111000001111111111100000111111111110000011111111111000001111111
11110000000000000000000000000000000000000000000000000000000000133202100111111111
11100001111111111110000111111111111000011111111111100001111111111110000111111111
11100001111111111110000000000000000000000000000000000000000000000000000000001332
02100111111111110000011111111111000001111111111100000111111111110000011111111111
00000111111111110000011111111111000000000000000000000000000000000000000000000000
00000000001332021000000000001000000000000000100000000000000010000000000000001000
00000000000010000000000000001000000000000000100000000000000000000000000000000000
00000000000000000000000013320210000000000000000000000000000000000000000000000000
00000000000000000000000000000000000000000000000000000000000001110000000000000000
00000000000000000000000000000000000000133202100000000000000000000000000000000000
00000000000000000000000000000000000000000000000000000000000000000000000000011100
00000000000000000000000000000000000000000000000000001332021000000000000000000000
00000000000000000000000000000000000000000000000000000000000000000000000000000000
00000000011100000000000000000000000000000000000000000000000000000013320210000000
00000000000000000000000000000000000000000000000000000000000000000000000000000000
00000000000000000000000111000000000000000000000000000000000000000000000000000000
13320210000000000000000000000000000000000000000000000000000000000000000000000000
00000000000000000000000000000000000001110000000000000000000000000000000000000000
00000000000000133202100000000000000000000000000000000000000000000000000000000000
00000000000000000000000000000000000000000000000000011100000000000000000000000000
00000000000000000000000000001332021000000000000000000000000000000000000000000000
00000000000000000000000000000000000000000000000000000000000000000111000000000000
00000000000000000000000000000000000000000013320210000000000000000000000000000000
00000000000000000000000000000000000000000000000000000000000000000000000000000001
11000000000000000000000000000000000000000000000000000000133202100000000000000000
00000000000000000000000000000000000000000000000000000000000000000000000000000000
00000000000001110000000000000000000000000000000000000000000000000000001332021000
00000000000000000000000000000000000000000000000000000000000000000000000000000000
00000000000000000000000000111110000000000000000000000000000000000000000000000000
00001332021000000000000000000000000000000000000000000000000000000000000000000000
00000000000000000000000000000000000000000111000000000000000000000000000000000000
00000000000000000013320210000000000000000000000000000000000000000000000000000000
00000000000010000000000000001000000000000000100000000000100010000000000000000000
00000000000000000000000000000000133202100000000000000000000000000000000000000000
00000000000000000000000001100000000000000110000000000000011000000000000001111111
11110000000000000000000000000000000000000000001332021000000000000000000000000000
00000000000000000000000000000000000000111111111111000011111111111100001111111111
11000011111111111100000000000000000000000000000000000000000013320210000000000000
00000000000000000000000000000000000000000000000000000110000000000000011000000000
00000110000000000000011111111111000000000000000000000000000000000000000000133202
10000000000000000000000000000000000000000000000000000000000000000000100000000000
00001000000000001000100000000000000010000000000000000000000000000000000000000000
00000000133202100000000000000000000000000000000000000000000000000000000000000010
00000000000000000000000000000111000000000000000000000000000000000000000000000000
00000000000000000000001332021000000000000000000000000000000000000000000000000000
00000000000010000000000000000000000000000011111000000000000000000000000000000000
00000000000000000000000000000000000013320210000000000000000000000000000000000000
00000000000000000000000000100000000000000000000000000000001000000000000000000000
00000000000000000000000000000000000000000000000000133202100000000000000000000000
00000000000000000000000000000000000000001000000000000000000000000000000010000000
00000000000000000000000000000000000000000000000000000000000000001332021000000000
00000000000000000000000000000000000000000000000000000010000000000000000000000000
00000010000000000000000000000000000000000000000000000000000000000000000000000013
32021000000000000000000000000000000000000000000000000000000000000000100000000000
00000000000000000000100000000000000000000000000000000000000000000000000000000000
00000000000013320210000000000000000000000000000000000000000000000000000000000000
00100000000000000000000000000000001000000000000000000000000000000000000000000000
00000000000000000000000000133202100000000000000000000000000000000000000000000000
00000000000000001000000000000000000000000000000010000000000000000000000000000000
00000000000000000000000000000000000000001332021000000000000000000000000000000000
00000000000000000000000000000010000000000000000000000000000000100000000000000000
00000000000000000000000000000000000000000000000000000013320210000000000000000000
00000000000000000000000000000000000000000011111000000000000000000000000000001000
00000000000000000000000000000000000000000000000000000000000000000000133202100000
00000000000000000000000000000000000000000000000000000000011100000000000000000000
00000000001000000000000000000000000000000000000000000000000000000000000000000000
00133202100000000000000000000000000000000000000000001000000000000000100010000000
00001000000000000000100000000000000000000000000000000000000000000000000000000000
00000000000000001332021000000000000000000000000000000000011111111111000000000000
00110000000000000011000000000000001100000000000000000000000000000000000000000000
00000000000000000000000000000013320210000000000000000000000000000000000111111111
11100001111111111110000111111111111000011111111111100000000000000000000000000000
00000000000000000000000000000000000000000000133202100000000000000000000000000000
00000111111111110000000000000011000000000000001100000000000000110000000000000000
00000000000000000000000000000000000000000000000000000000001332021000000000000000
00000000000000000000000000001000100000000000100000000000000010000000000000001000
00000000000000000000000000000000000000000000000000000000000000000000000013320210
00000000000000000000000000000000000000000000011100000000000000000000000000000010
00000000000000000000000000000000000000000000000000000000000000000000000000000000
00000013320210000000000000000000000000000000000000000000001111100000000000000000
00000000000010000000000000000000000000000000000000000000000000000000000000000000
00000000000000000000133202100000000000000000000000000000000000000000000001110000
00000000000000000000000000100000000000000000000000000000000000000000000000000000
00000000000000000000000000000000001332021000000000000000000000000000000000000000
00000001110000000000000000000000000000001000000000000000000000000000000000000000
00000000000000000000000000000000000000000000000013320210000000000000000000000000
00000000000000000000011100000000000000000000000000000010000000000000000000000000
00000000000000000000000000000000000000000000000000000000000000133202100000000000
00000000000000000000000000000000000111000000000000000000000000000000100000000000
00000000000000000000000000000000000000000000000000000000000000000000000000001332
02100000000000000000000000000000000000000000000001110000000000000000000000000000
00100000000000000000000000000000000000000000000000000000000000000000000000000000
00000000001332021000000000000000000000000000000000000000000000011100000000000000
00000000000000001000000000000000000000000000000000000000000000000000000000000000
00000000000000000000000013320210000000000000000000000000000000000000000000000111
00000000000000000000000000000010000000000000000000000000000000000000000000000000
00000000000000000000000000000000000000133202100000000000000000000000000000000000
00000000000111000000000000000000000000000011111000000000000000000000000000000000
00000000000000000000000000000000000000000000000000001332021000000000000000000000
00000000000000000000000001110000000000000000000000000000011100000000000000000000
00000000000000000000000000000000000000000000000000000000000000000013320210000000
00001000000000000000100000000000000010000000000000000000000000000000000010000000
00001000000000000000100000000000000010000000000000001000000000000000100000000000
13320210011111111111000001111111111100000111111111110000000000000000000000000000
00000000000000000011000000000000001100000000000000110000000000000011000000000000
00110000000000133202100111111111111000011111111111100001111111111110000000000000
00000000000000000000000111111111111000011111111111100001111111111110000111111111
11100001111111111110000000001332021001111111111100000111111111110000011111111111
00000000000000000000000000000000000000000000001100000000000000110000000000000011
00000000000000110000000000000011000000000013320210000000000010000000000000001000
00000000000010000000000000000000000000000000000000000000000010000000000000001000
00000000000010000000000000001000000000000000100000000000133202100000000000000000
00000000000000000000000000000000000000000000000000000000000000000000000000000000
00000000000000000000000000000000000000000000000000000000000000000000001332021000
00000000000000000000000000000000000000000000000000000000000000000000000000000000
00000000000000000000000000000000000000000000000000000000000000000000000000000000
00001332021000000000000000000000000000000000000000000000000000000000000000000000
00000000000000000000000000000000000000000000000000000000000000000000000000000000
00000000000000000013320210000000000000000000000000000000000000000000000000000000
00000000000000000000000000000000000000000000000000000000000000000000000000000000
00000000000000000000000000000000133202100000000000000000000000000000000000000000
00000000000000000000000000000000000000000000000000000000000000000000000000000000
00000000000000000000000000000000000000000000001332021000000000000000000000000000
00000000000000000000000000000000000000000000000000000000000000000000000000000000
00000000000000000000000000000000000000000000000000000000000013320210000000000000
00000000000000000000000000000000000000000000000000000000000000000000000000000000
00000000000000000000000000000000000000000000000000000000000000000000000000133202
10000000000000000000000000000000000000000000000000000000000000000000000000000000
00000000000000000000000000000000000000000000000000000000000000000000000000000000
00000000133202100000000000000000000000000000000000000000000000000000000000000000
00000000000000000000000000000000000000000000000000000000000000000000000000000000
00000000000000000000001332021000000000000000000000000000000000000000000000000000
00000000000000000000000000000000000000000000000000000000000000000000000000000000
00000000000000000000000000000000000013320210000000000000000000000000000000000000
00000000000000000000000000000000000000000000000000000000000000000000000000000000
00000000000000000000000000000000000000000000000000133202100000000000000000000000
00000000000000000000000000000000000000000000000000000000000000000000000000000000
00000000000000000000000000000000000000000000000000000000000000001332021000000000
00000000000000000000000000000000000000000000000000000000000000000000000000000000
00000000000000000000000000000000000000000000000000000000000000000000000000000013
32021000000000000000000000000000000000000000000000000000000000000000000000000000
00000000000000000000000000000000000000000000000000000000000000000000000000000000
00000000000013320210000000000000000000000000000000000000000000000000000000000000
00000000000000000000000000000000000000000000000000000000000000000000000000000000
00000000000000000000000000133202100000000000000000000000000000000000000000000000
00000000000000000000000000000000000000000000000000000000000000000000000000000000
00000000000000000000000000000000000000001332021000000000000000000000000000000000
00000000000000000000000000000000000000000000000000000000000000000000000000000000
00000000000000000000000000000000000000000000000000000013320210000000000000000000
00000000000000000000000000000000000000000000000000000000000000000000000000000000
00000000000000000000000000000000000000000000000000000000000000000000133202100000
00000000000000000000000000000000000000000000000000000000000000000000000000000000
00000000000000000000000000000000000000000000000000000000000000000000000000000000
00133202100000000000000000000000000000000000000000000000000000000000000000000000
00000000000000000000000000000000000000000000000000000000000000000000000000000000
00000000000000001332021111111111111111111111111111111111111111111111111111111111
11111111111111111111111111111111111111111111111111111111111111111111111111111111
11111111111111111111111111111113322331210001003123121010001013023121001110013123
12101000110322331210010312101000111322331210010312101001000322331211013121010001
11302312100003212100003020302103021030210312312133212100003020302110302103021103
12312133212100003021030210302100302103123121332121000030210302110302100302110312
31213321210000302100302103021103021031231213321210000302100302110302110302110312
31213321210000302110302103021000302103123121332121000030211030211030210003021103
12312133212100003021000302103021010302103123121332121000030210003021103021010302
11031231213321210000302101030211030210103021003123121332121000030210103021010302
10103021000312312133212100003021010302103021100302103123121332121000030210103021
00302110030210031231213321210000302101030211030211003021103123121332121000030210
10302100030211003021000312312133212100003021100302101030210103021010312312133212
10000302110030203021100302103123121332121000030211003021030211003021003123120332
12100003021100302110302110030210003123121332121000030211003021010302110030211003
12312133212100003021100302100302111030210031231213321210000302110030210003021110
30210003123120332121000030211103021010302110030210103123121332121000030211003021
10030211103021100312312133212100003021110302030211103021031231213321210000302111
03021030211103021003123121332121000030211103021003021110302110312312033212100003
02111030211030211103021000312312033212100003021110302100030211103021010312312033
21210000302100003021010302111030210103123121332121000030211103021100302100003021
10031231213321210000302100003021100302100103021100312312133212100003021001030211
00302101003021100312312133223312110131210100100030231210001110130211011013021010
10013023121000032021111111111111111111111111111111111111111111111111111111111111
11111111111111111111111111111111111111111111111111111111111111111111111111111111
11111111111111111111111111113320210000000000000000000000000000000000000000000000
00000000000000000000000000000000000000000000000000000000000000000000000000000000
00000000000000000000000000000000000000000133202100000000000000000000000000000000
00000000000000000000000000000000000000000000000000000000000000000000000000000000
00000000000000000000000000000000000000000000000000000001332021000000000000000000
00000000000000000000000000000000000000000000000000000000000000000000000000001110
00000000000011100000000000000000000000000000000000000000000000000000013320210000
00000000000000000000000000000000000000000000000000000000000000000000000000000000
00000000001110000000000000111000000000000000000000000000000000000000000000000000
00013320210000000000000000000000000000000000000000000000000000000000000000000000
00000000000000000000000011100000000000001110000000000000000000000000000000000000
00000000000000000133202100000000000000000000000000000000000000000000000000000000
00000000000000000000000000000000000000111000000000000011100000000000000000000000
00000000000000000000000000000001332021000000000000000000000000000000000000000000
00000000000000000000000000000000000000000000000000001110000000000000111000000000
00000000000000000000000000000000000000000000013320210000000000000000000000000000
00000000000000000000000000000000000000000000000000000000000000000011100000000000
00111000000000000000000000000000000000000000000000000000000133202100000000000000
00000000000000000000000000000000000000000000000000000000000000000000000000000000
11100000000000001110000000000000000000000000000000000000000000000000000001332021
00000000000000000000000000000000000000000000000000000000000000000000000000000000
00000000000000111000000000000011100000000000000000000000000000000000000000000000
00000001332021000000000000000000000000000000000000000000000000000000000000000000
00000000000000000000000000001110000000000000111000000000000000000000000000000000
00000000000000000000013320210000000000000000000000000000000000000000000000000000
00000000000000000000000000000000000000000111110000000000011111000000000000000000
00000000000000000000000000000000000133202100000000000000000000000000000000000000
00000000000000000000000000000000000000000000000000000000111000000000000011100000
00000000000000000000000000000000000000000000000001332021000000000001000000000000
00010000000000000001000000000000000100000000000000010000000000000001000100000000
00000001000000000000000000000000000000000000000000000000000000013320210011111111
11100000111111111110000011111111111000001111111111100000111111111110000011111111
11100000000000000000000000000000000000000000000000000000000000000000000000000133
20210011111111111100001111111111110000111111111111000011111111111100001111111111
11000011111111111100000000000000000000000000000000000000000000000000000000000000
00000000000133202100111111111110000011111111111000001111111111100000111111111110
00001111111111100000111111111110000000000000000000000000000000000000000000000000
00000000000000000000000001332021000000000001000000000000000100000000000000010000
00000000000100000000000000010000000000000001000000000000000000000000000000000000
00000000000000000000000000000000000000013320210000000000000000000000000000000000
00000000000000000000000000000000000000000000000000000000000001000000000000001110
00000000000000000000000000000000000000000000000000000133202100000000000000000000
00000000000000000000000000000000000000000000000000000000000000000000000000010000
00000000001110000000000000000000000000000000000000000000000000000001332021000000
00000000000000000000000000000000000000000000000000000000000000000000000000000000
00000000010000000000000011100000000000000000000000000000000000000000000000000000
01332021000000000000000000000000000000000000000000000000000000000000000000000000
00000000000000000000000100000000000000111000000000000000000000000000000000000000
00000000000000013320210000000000000000000000000000000000000000000000000000000000
00000000000000000000000000000000000001000000000000001110000000000000000000000000
00000000000000000000000000000133202100000000000000000000000000000000000000000000
00000000000000000000000000000000000000000000000000010000000000000011100000000000
00000000000000000000000000000000000000000001332021000000000000000000000000000000
00000000000000000000000000000000000000000000000000000000000000000100000000000000
11100000000000000000000000000000000000000000000000000000013320210000000000000000
00000000000000000000000000000000000000000000000000000000000000000000000000000001
00000000000000111000000000000000000000000000000000000000000000000000000133202100
00000000000000000000000000000000000000000000000000000000000000000000000000000000
00000000000001000000000000001110000000000000000000000000000000000000000000000000
00000133202100000000000000000000000000000000000000000000000000000000000000000000
00000000000000000000000001111100000000000111110000000000000000000000000000000000
00000000000000000001332021000000000000000000000000000000000000000000000000000000
00000000000000000000000000000000000000001110000000000000111000000000000000000000
00000000000000000000000000000000013320210000000000000000000000000000000000000000
00000000000000000000000000000000000000000000000000010001000000000001000100000000
00000000000000000000000000000000000000000000000133202100000000000000000000000000
00000000000000000000000000000000000000000000000000000000111111111110000011111111
11100000000000000000000000000000000000000000000000000000000001332021000000000000
00000000000000000000000000000000000000000000000000000000000000000000001111111111
11000011111111111100000000000000000000000000000000000000000000000000000000013320
21000000000000000000000000000000000000000000000000000000000000000000000000000000
00001111111111100000111111111110000000000000000000000000000000000000000000000000
00000000013320210000000000000000000000000000000000000000000000000000000000000000
00000000000000010000000000010000000000000001000000000000000000000000000000000000
00000000000000000000000133202100000000000000000000000000000000000000000000000000
00000000000000000000000000001110000000000000000000000000000001000000000000000000
00000000000000000000000000000000000001332021000000000000000000000000000000000000
00000000000000000000000000000000000000000111110000000000000000000000000000010000
00000000000000000000000000000000000000000000000000013320210000000000000000000000
00000000000000000000000000000000000000000000000000000000111000000000000000000000
00000000010000000000000000000000000000000000000000000000000000000133202100000000
00000000000000000000000000000000000000000000000000000000000000000000001110000000
00000000000000000000000100000000000000000000000000000000000000000000000000000001
33202100000000000000000000000000000000000000000000000000000000000000000000000000
00001110000000000000000000000000000001000000000000000000000000000000000000000000
00000000000001332021000000000000000000000000000000000000000000000000000000000000
00000000000000000011100000000000000000000000000000010000000000000000000000000000
00000000000000000000000000013320210000000000000000000000000000000000000000000000
00000000000000000000000000000000111000000000000000000000000000000100000000000000
00000000000000000000000000000000000000000133202100000000000000000000000000000000
00000000000000000000000000000000000000000000001110000000000000000000000000000001
00000000000000000000000000000000000000000000000000000001332021000000000000000000
00000000000000000000000000000000000000000000000000000000000011100000000000000000
00000000000001000000000000000000000000000000000000000000000000000000013320210000
00000000000000000000000000000000000000000000000000000000000000000000000000111000
00000000000000000000000001111100000000000000000000000000000000000000000000000000
00013320210000000000000000000000000000000000000000000000000000000000000000000000
00000000111000000000000000000000000000001110000000000000000000000000000000000000
00000000000000000133202100000000000100000000000000010000000000000001000000000000
00010000000000000001000000000000000100000000000000000001000000000000000000000000
00000000000000000000000000000001332021001111111111100000111111111110000011111111
11100000111111111110000011111111111000001111111111100000000000000000000000000000
00000000000000000000000000000000000000000000013320210011111111111100001111111111
11000011111111111100001111111111110000111111111111000011111111111100000000000000
00000000000000000000000000000000000000000000000000000000000133202100111111111110
00001111111111100000111111111110000011111111111000001111111111100000111111111110
00000000000000000000000000000000000000000000000000000000000000000000000001332021
00000000000100000000000000010000000000000001000000000000000100000000000000010000
00000000000100000000000000000000000000000000000000000000000000000000000000000000
00000001332021000000000000000000000000000000000000000000000000000000000000000000
00000000000000000000000000001110000000000000010000000000000000000000000000000000
00000000000000000000013320210000000000000000000000000000000000000000000000000000
00000000000000000000000000000000000000000011100000000000000100000000000000000000
00000000000000000000000000000000000133202100000000000000000000000000000000000000
00000000000000000000000000000000000000000000000000000000111000000000000001000000
00000000000000000000000000000000000000000000000001332021000000000000000000000000
00000000000000000000000000000000000000000000000000000000000000000000001110000000
00000001000000000000000000000000000000000000000000000000000000013320210000000000
00000000000000000000000000000000000000000000000000000000000000000000000000000000
00001110000000000000010000000000000000000000000000000000000000000000000000000133
20210000000000000000000000000000000000000000000000000000000000000000000000000000
00000000000000000011100000000000000100000000000000000000000000000000000000000000
00000000000133202100000000000000000000000000000000000000000000000000000000000000
00000000000000000000000000000000111000000000000001000000000000000000000000000000
00000000000000000000000001332021000000000000000000000000000000000000000000000000
00000000000000000000000000000000000000000000001110000000000000010000000000000000
00000000000000000000000000000000000000013320210000000000000000000000000000000000
00000000000000000000000000000000000000000000000000000000000011100000000000000100
00000000000000000000000000000000000000000000000000000133202100000000000000000000
00000000000000000000000000000000000000000000000000000000000000000000000001111100
00000000011111000000000000000000000000000000000000000000000000000001332021000000
00000000000000000000000000000000000000000000000000000000000000000000000000000000
00000000111000000000000011100000000000000000000000000000000000000000000000000000
01332021000000000000000000000000000000000000000000000000000000000000000000000000
00000000000000000001000100000000000100010000000000000000000000000000000000000000
00000000000000013320210000000000000000000000000000000000000000000000000000000000
00000000000000000000000011111111111000000000000001100000000000000000000000000000
00000000000000000000000000000133202100000000000000000000000000000000000000000000
00000000000000000000000000000000000000111111111111000011111111111100000000000000
00000000000000000000000000000000000000000001332021000000000000000000000000000000
00000000000000000000000000000000000000000000000000001111111111100000000000000110
00000000000000000000000000000000000000000000000000000000013320210000000000000000
00000000000000000000000000000000000000000000000000000000000000010000000000010000
00000000000100000000000000000000000000000000000000000000000000000000000133202100
00000000000000000000000000000000000000000000000000000000000000000000000000001110
00000000000000000000000000000100000000000000000000000000000000000000000000000000
00000133202100000000000000000000000000000000000000000000000000000000000000000000
00000000011111000000000000000000000000000001000000000000000000000000000000000000
00000000000000000001332021000000000000000000000000000000000000000000000000000000
00000000000000000000000011100000000000000000000000000000010000000000000000000000
00000000000000000000000000000000013320210000000000000000000000000000000000000000
00000000000000000000000000000000000000111000000000000000000000000000000100000000
00000000000000000000000000000000000000000000000133202100000000000000000000000000
00000000000000000000000000000000000000000000000000001110000000000000000000000000
00000100000000000000000000000000000000000000000000000000000001332021000000000000
00000000000000000000000000000000000000000000000000000000000000000011100000000000
00000000000000000001000000000000000000000000000000000000000000000000000000013320
21000000000000000000000000000000000000000000000000000000000000000000000000000000
11100000000000000000000000000000010000000000000000000000000000000000000000000000
00000000013320210000000000000000000000000000000000000000000000000000000000000000
00000000000000111000000000000000000000000000000100000000000000000000000000000000
00000000000000000000000133202100000000000000000000000000000000000000000000000000
00000000000000000000000000001110000000000000000000000000000001000000000000000000
00000000000000000000000000000000000001332021000000000000000000000000000000000000
00000000000000000000000000000000000000000011100000000000000000000000000001111100
00000000000000000000000000000000000000000000000000013320210000000000000000000000
00000000000000000000000000000000000000000000000000000000111000000000000000000000
00000000111000000000000000000000000000000000000000000000000000000133202100000000
00000000000000000000000000000000000000000000000000000000000000000000000000010000
00000000000100000000000100010000000000000000000000000000000000000000000000000001
33202100000000000000000000000000000000000000000000000000000000000000000000000000
00000000111111111110000011111111111000001111111111100000000000000000000000000000
00000000000001332021000000000000000000000000000000000000000000000000000000000000
00000000000000000000011111111111100001111111111110000111111111111000000000000000
00000000000000000000000000013320210000000000000000000000000000000000000000000000
00000000000000000000000000000000000011111111111000001111111111100000111111111110
00000000000000000000000000000000000000000133202100000000000000000000000000000000
00000000000000000000000000000000000000000000000000010000000000000001000000000000
00010000000000000000000000000000000000000000000000000001332021000000000000000000
00000000000000000000000000000000000000000000000000000000000000000000000000001110
00000000000000000000000000000000000000000000000000000000000000000000013320210000
00000000000000000000000000000000000000000000000000000000000000000000000000000000
00000000001110000000000000000000000000000000000000000000000000000000000000000000
00013320210000000000000000000000000000000000000000000000000000000000000000000000
00000000000000000000000011100000000000000000000000000000000000000000000000000000
00000000000000000133202100000000000000000000000000000000000000000000000000000000
00000000000000000000000000000000000000111000000000000000000000000000000000000000
00000000000000000000000000000001332021000000000000000000000000000000000000000000
00000000000000000000000000000000000000000000000000001110000000000000000000000000
00000000000000000000000000000000000000000000013320210000000000000000000000000000
00000000000000000000000000000000000000000000000000000000000000000011100000000000
00000000000000000000000000000000000000000000000000000000000133202100000000000000
00000000000000000000000000000000000000000000000000000000000000000000000000000000
11100000000000000000000000000000000000000000000000000000000000000000000001332021
00000000000000000000000000000000000000000000000000000000000000000000000000000000
00000000000000111000000000000000000000000000000000000000000000000000000000000000
00000001332021000000000000000000000000000000000000000000000000000000000000000000
00000000000000000000000000001110000000000000000000000000000000000000000000000000
00000000000000000000013320210000000000000000000000000000000000000000000000000000
00000000000000000000000000000000000000000111110000000000000000000000000000000000
00000000000000000000000000000000000133202100000000000000000000000000000000000000
00000000000000000000000000000000000000000000000000000000111000000000000000000000
00000000000000000000000000000000000000000000000001332021000000000000000000000000
00000000000000000000000000000000000000000000000000000000000000000000000100000000
00010000000000000001000000000000000100000000000000010000000000013320210000000000
00000000000000000000000000000000000000000000000000000000000000000000000000000000
00000000111111111110000011111111111000001111111111100000111111111110000000000133
20210000000000000000000000000000000000000000000000000000000000000000000000000000
00000000000000000000001111111111110000111111111111000011111111111100001111111111
11000000000133202100000000000000000000000000000000000000000000000000000000000000
00000000000000000000000000000000000011111111111000001111111111100000111111111110
00001111111111100000000001332021000000000000000000000000000000000000000000000000
00000000000000000000000000000000000000000000000000000000000100000000000000010000
00000000000100000000000000010000000000013320210000000000000000000000000000000000
00000000000000000000000000000000000000000000000000000000000000000000000000000000
00000000000000000000000000000000000000000000000000000133202100000000000000000000
00000000000000000000000000000000000000000000000000000000000000000000000000000000
00000000000000000000000000000000000000000000000000000000000000000001332021000000
00000000000000000000000000000000000000000000000000000000000000000000000000000000
00000000000000000000000000000000000000000000000000000000000000000000000000000000
01332021000000000000000000000000000000000000000000000000000000000000000000000000
00000000000000000000000000000000000000000000000000000000000000000000000000000000
00000000000000013320210000000000000000000000000000000000000000000000000000000000
00000000000000000000000000000000000000000000000000000000000000000000000000000000
00000000000000000000000000000133202100000000000000000000000000000000000000000000
00000000000000000000000000000000000000000000000000000000000000000000000000000000
00000000000000000000000000000000000000000001332021000000000000000000000000000000
00000000000000000000000000000000000000000000000000000000000000000000000000000000
00000000000000000000000000000000000000000000000000000000013320210000000000000000
00000000000000000000000000000000000000000000000000000000000000000000000000000000
00000000000000000000000000000000000000000000000000000000000000000000000133202100
00000000000000000000000000000000000000000000000000000000000000000000000000000000
00000000000000000000000000000000000000000000000000000000000000000000000000000000
00000133202111111111111111111111111111111111111111111111111111111111111111111111
11111111111111111111111111111111111111111111111111111111111111111111111111111111
11111111111111111111332233121000100312312101000111302312100111001312312101001000
32233121101312101001001302312110031210000100030231211003121010010103023121100312
10100101130231211103121010011003212100001131231210000100031231210100101033023121
00100132121100312100011111302312111132121013023121000100312312100011111312312101
00110033123121000111113023121000032121000011312312100011111302033212100001131231
21000111113021332121000011312312100011111302103321210000113123121000111113021133
12312101001011331231210000100032233121101312101001101302312110031210000100030231
21100312101001010302312111031210100111032121000010312312100001000330231211103121
01001100321210000113123121000010003023121011321210113123121010011103021331231210
10010103302312100001131231210100110030210032233121101312101001111302312110031210
00010003023121100312101010000302312110031210101000130231211113212113123121010100
00302033123121000010003023121010011113212100010111302312101010001312312100001000
33212101131231210101000030213312312101010001322331211013121010100103023121100312
10000100030231211003121010100013023121010011113123121000010003212100001031231210
00010003312312101010001322331211013121010100113023121100312101011302312111031211
10003123121001110103023121110312111000321210101001031231211100030231211003121110
00302312101001001312312111000302031231210101133023121010011013123121110003020322
33121131231203023121010100113123121322331211312312130231210101001131231203223312
11013121210011110031210101010033023121100312101011302312110031211010030231211103
12111000312312121001111003121001111013302312111031211100032121010100103123121110
00302312110031211100030231210100100132121010010013123121110003020312312101011330
21312312110100330231210100110131231211100030203223312113123120302312121001111003
12101010100331231203123120322331211312312030231212100111100312101010100331231203
12312132233121131231203023121210011110031210101010033123121312312032233121131231
21302312121001111003121010101003312312131231213223312100103121010101013223312100
10312100011322331210001003212100001131231210001130203302312100003121001031211132
23312100010032121000011312312100011302133023121000031210010312121100003121100013
32233121000100321210000113123121000113021033023121000031212110000312110001330231
21000031211130203223312100010032121000011312312100011302113302312100003121211000
03121100013302312100003121113021302032233121110312110111003212121111103121001100
33123121000113023121000031210010312100011330231210001003212100001131231210001130
23121010312312110111003021330231211111013121010111030231210001003212100001131231
21000113020330231210000312100103121113223312100103121010101103223312101110013121
01010110323212101011113121010101113023121100312101011302312101031231210101130213
32121010111131210110001302312110031210101131231210101133212101011113121010110003
12312100100103321210101111312101011001312312100100103321210101111312101100003121
01010110332121010111131210101101030231210101011312101100113321210101111312101011
01130231210010010312101011010332121010111131210101110031231213321210101111312101
01110131231213322331211013121010111103123121010101103223312110131210101110030231
21100312101011312312132233121001031210101111132233121011100131210101111132321210
11011131210100001302312101011110312100111103321210110111312101001011302312100101
31210011110302033212101011113121010110013123121001001033212101011113121010110003
12312100100103321210101111312101100000302312110031210110030231210010113212101001
01131211010113123121011003312312100100103321210101111312101100001302312101001011
31211110133212101011113121011000103023121001001031210110000133212101011113121010
11010302312110031210110001130231211113212101302312113121010111113023121011000113
12101100003312312030231211321210100101131211110133212101100011312101001011312111
10133321210101111312101011011302312100100103121010110103321210101111312111101302
31210100101131211110133212101011113121101011302312110031210101130231210100101131
21101011302312111132121013023121110131231210101133123121010113023121010113121011
00010332121010111131210110000312101011111332121010111131210110001302312110031210
10113023121010000131231210101133223312100103121011001003223312101110013121011001
00323212101101113121010000130231210101111031210011110332121011011131210100101130
23121001013121001111030203321210101111312101011001312312100100103321210101111312
10101100031231210010010332121010111131210110010130231211003121011003023121001011
32121010010113121101011302312101100312101001011312111101331231210010010332121010
11113121011001103023121100312101011302312100101132121010010113121101011312312101
01133123121001001033212101011113121011000013023121010010113121111013321210101111
31210110001030231210010010312101100001332121010111131210101101030231211003121011
00011302312111132121013023121131210110010030231210110001131210110000331231203023
12113212101001011312111101332121011000113121010010113121111013332121010111131210
10110113023121001001031210101101033212101011113121111013023121010010113121111013
32121010111131211010113023121100312101011302312101001011312110101130231211113212
10130231211101312312101011331231210101130231210101131210110001033212101011113121
01100003121011001003321210101111312101100013023121100312101011302312101000013123
12101011332233121001031210110011132233121101312101100111302312110031210101130231
21100312110100302312100001003221211312312110100312101100100331231210110010033221
21131231211010031210101011033123121010111103322121131231211010031210101111133123
12101011111331231210101111032233212101100111312101101000312101100100331210011110
31210101110132233121132212101100111312101101000312101100100331210011110312101010
11130211113302100003223312101110013121011010013232121011011131210100001321210101
11103121001111033321210101111312101100013023121100312101011302312101000013123121
01011332121011011131210110101030231210010131210011110302033212101011113121111013
02312101101010312111101332121010111131210110101130231211003121011003023121001011
32121001001031211010113123121011003312312100100103321210101111312110101130231211
00312101100302312101101010312110101131231210110033223312110131210110110031231210
11010013223312110131210110110131231210110100132233121101312101101110312312101101
00132233121101312101101131231210110100132233121101312110001312312101101001322331
21101312101101111312312101101001322331211013121011100003123121011010013223312110
13121011100013123121011010013223312110131210111001031231210110100132233121101312
10111001130231211000131210011110322331210111001131211010113021111322331211302111
13023121011100113121111013223312110131210111010030231211000131210011110312101101
01130210001322331211302100013023121011101003121111013223312110131210111010130231
21100312101011302312100001003221211312312101011302133021010033221211312312101011
30210330210100033221211312312101011302113302111100330203223312113021111003023121
01110101302113223312110131210111011030231211003121010113023121000010032212113123
12101011302133023121011100113121101011302101003322121131231210101130210330231210
11100113121101011302101000332212113123121010113021133023121011100113121101011302
11110033020322331210111011030210322331211302101000302312101110011312111101322331
21101312101110111302312110031210111100030231211003121011110013023121111321210130
23121110131231210111100033212101302312111013123121011110013302312113212101111000
31210110010332121011110013121011001033223312110131210111101030231210101003021322
33121001031210111101132233121101312101111011302312110103212101111100312101111101
31210111111031210000003302312110031210111111130231210010113212101111110312110101
13023121010321210111111031211110133021330231210000100322121131231210111111131210
01111033023121100312110000000302312110000001312312101111101302312312110000000312
10011110332212113123121011111113121100000103302312110000001312312101111101302312
11000001131231210111110133221211312312101111111312110000100330231211003121000101
13021332212121312101033212113123121011111113121100001013321211312312101111111312
11000011033302312110031210100101030231210111110031211010113023121101101321210111
11003121111013312312101001010302312110000111312312101111101332212121312101033212
11312312101111111312110001000332121131231210111111131211000100133302312110031210
10010103023121100000013123121011111013023121101111321210111110031211110133123121
01001010332212121312101033212113123121011111113121100010103321211312312101111111
31211000101133302312110031211000110030231211000000131231210111110131231211000110
03322121131231210111111131211000110133023121100000013123121011111013020332212113
12312101111111312100010013302312110031210001011302312110000001312312101111101302
31211101302321211000011131231210111110133212100010113121001111031210110000333221
21131231210111111131211000111033023121100312111110030231211003121100011113023121
10000001312312101111101302321211000011131231210111110133123121111100312111101332
21211312312101111111312110010000330231211003121111100302312110031211000111130231
21110312110001100321211000011131231210111110133023212110000111312312101111101331
23121111100312110101131231211000110033221211312312101111111312110010001330231211
10312110010010321211000011131231210111110133023121110312110010011321211000011131
23121011111013302312110000001312312101111101302312100131231211001001131231211001
00103322121131231210111111131211001010033023121110312110010010321211000011131231
21011111013302312111031211001001132121100001113123121011111013302312110000001312
31210111110130231210103123121100100113123121100100103322121131231210111111131211
00101013302312111031211001001032121100001113123121011111013302312111031211001001
13212110000111312312101111101330231211000000131231210111110130231210113123121100
10011312312110010010332212113123121011111113121100101103302312110031210101130231
21011111103121101011312312101011332212113123121011111113121100101113302312110031
21010113023121111321210321211000011131231210111110133020332121011111103121101011
31231210101133020332212113123121011111113121100110003302312110031210101130231211
11321211110032121100001113123121011111013302033212101111110312110101131231210101
13302033221211312312101111111312110011001330231211003121010113023121111321210032
12110000111312312101111101330203321210111111031211010113123121010113302033221211
31231210111111131211001101033023121100312101011302312111132121110113212110000111
31231210111110133020332121011111103121101011312312101011330203322121131231210111
11113121100110113302312110031210101130231211113212101302312113212110000111312312
10111110133020332121011111103121101011312312101011330203322121131231210111111131
21100111003302312110031210101130231211113212113212110000111312312101111101330203
32121011111103121101011312312101011330203322121131231210111111131211001110133023
12110031210101130231211103121100100103212110000111312312101111101330231211103121
10010011321211000011131231210111110133023121111321210130231211312312110010011312
31211001001033212101111110312110101131231210101133020332212113123121011111113121
10011110330231211003121010113023121110312110010010321211000011131231210111110133
02312111031211001001132121100001113123121011111013302312111132121131231211001001
13123121100100103321210111111031211010113123121010113302033221211312312101111111
31211001111133023121100312101011302312111031211001001032121100001113123121011111
01330231211103121100100113212110000111312312101111101330231211113212101302312101
11011131231211001001131231211001001033212101111110312110101131231210101133020332
21211312312101111111312110100000330231211003121010113023121110312110010010321211
00001113123121011111013302312111031211001001132121100001113123121011111013302312
11113212101110111312312110010011312312110010010332121011111103121101011312312101
01133020332212113123121011111113121101000013302312110031210101130231211103121100
10010321211000011131231210111110133023121110312110010011321211000011131231210111
11013302312111132121110113123121100100113123121100100103321210111111031211010113
12312101011330203322121131231210111111131211010001033023121100312101011302312111
03121100100103212110000111312312101111101330231211103121100100113212110000111312
31210111110133023121111321210031231211001001131231211001001033212101111110312110
10113123121010113302033221211312312101111111312110100011330231211003121010113023
12111031211001001032121100001113123121011111013302312111031211001001132121100001
11312312101111101330231211113212111100312312110010011312312110010010332121011111
10312110101131231210101133020332212113123121011111113121101001003302312110031210
10113023121110312110010010321211000011131231210111110133023121110312110010011321
21100001113123121011111013302312111132121031231211001001131231211001001033212101
11111031211010113123121010113302033221211312312101111111312110100101330231211003
12101011302312111132121013023121110130231211000011131231210111110133212101111110
31211010113123121010113302033221211312312101111111312110100110330231211003121010
11302312111132121110130231211000011131231210111110133212101111110312110101131231
21010113302033221211312312101111111312100011003302312100101132121000000312110101
13023121101111321210111110031211110133020332121011111103121101011312312101111010
33322121131231210111111131211010011133023121001011321210000003121101011302312110
00011131231210111110133212101111110312110101131231210111101033322121131231210111
11113121101010003302312100101132121000000312110101130231211000011131231210111110
13321210111111031211010113123121011110103332212113123121011111113121101010013302
31211010321211010101031210000001131211111133023121110312111101032121101010113123
12101111101312312110101010312312100000011330231211113212101302312113123121111113
02133020302312110000001312312101111101312312111101033221211312312101111111312110
10110033023121101032121101010103121000000113121111113121100011113302312111031211
11010321211010101131231210111110131231211010101031231210000001133023121111321210
13023121131231211111130213302030231211000000131231210111110131231211110103322121
13123121011111113121101011013302312110103212110101010312100000011312111111330231
21110312111101032121101011103123121011111013212110111132121011111003121111013302
03312312110101010312312100000011330231211113212101302312113123121111113021330203
02312110000001312312101111101312312111101033020322331211013121101010113023121101
03212101111101312110101010312110101111330231211113212113123121101011113020332212
11000011131231210111110133123121101010103321211103121101100003212110000111312312
10111110133023212110101011312312101111101312312110101010321210113123121101011113
02133312312110110000332233121101312110101110302312110103212101111101312100100103
12110101010312110101111330231211113212113212110101111330203321211001003221210101
11003023121100001113123121011111013330231211113212101011100312101100113123121001
00103321210101110031210100001312312110101010332121010111003123121101010103332121
10010032212110110000302312110000111312312101111101333023212110101110312312101111
10131231210010010312312110101010321210113123121101011113021333123121101100003322
33121101312110000001302312110103212101111101312101011330231210111110131211010113
02312100011031231210101130231210111110131211110132233121101312110000111302312110
10321210111110133023121100100322121011003023121211111030203302312101111101312111
10133302312100101132121011111013121101011302312121111103121000001330231210111110
13121111013312312101100322331211013121100000113023121101032121011111013302312121
11110302033023121011111013121111013223312110131211011000130231210010131210011110
30231210000302101302113021322331211321211000011131231211011000133021013223312113
21211000001131231211011000133021132233121132121100001113123121101100013302113223
31211000000131231211011000130211132233121132121100001113123121101100013302111322
33121101312110110010302312100101312100111103123121110000322331211013121101100113
02312100101312100111103020322331211013121101101003023121001013121001111030203223
31211013121101101013023121011110113123121101100103123121101100013123121101100113
12312110110100322331211000000131231211011000130210032233121101101013121100000103
22331211321211000011131231211011000133021003223312113212110000111312312110110001
33021003223312110000001312312110110001302100001032233121100000013123121101100013
02100110132233121101101013121100001013021132233121132121100001113123121101100013
30210000103223312110110101312110001000302113223312113212110000111312312110110001
33021001101322331210111001312110110110323212101101113121010113023121100013121001
11103321210110111312110100302312110001312100111103322331211013121101101113023121
10110110312100111103223312110110111312101011312110101130210132233121132121101101
11312101011312111101330210132233121100000013123121101100013123121101101113223312
11322121100001113123121101100013312101011312111101330210132233121100000013123121
10110001312312110110111322331211011010131211000010130203223312110110101312110001
00030203223312110110101312110001110312101011312312110001322331211321211000011131
23121101100013302101322331211011010131211000100030203223312110110101312110001010
30211113223312110110101312110010000312110100312312110001322331211321211011011131
21101003121111013302111132233121100000013123121101100013021113223312110000001312
31211011000130210103223312110110101312110010001322331211011010131211010011132233
12113212110110100312111101330210001103223312110131211011100030231211003121101110
01302312110103212101111100312101111101312110111010330231211001003221210111111030
23121001013121001111031231211011100133212100000030231210010131210011110312312133
30231211001003221211011101130231210111101131231210111110031231210111110131231210
11111103123121000000333023121001011321211011101031231211011101130231210111111031
21111013321211113212113212101111110312111101331231210111101033212100000031211110
13302312110111000321210111111031211110133123121011111003123121011111013123121101
11010332233121101312110111100302312110111000302032233121100000013123121101100013
02101032233121100000013123121101100013021000013223312113021000013023121101111003
12312110110010312312110110001302312110031211011101130231211003121010113023121000
01003221211312312101011302033023121101110113121100001103021003322121131231210101
13021330231211011101131211000100130210033212110111011312110100111332233121100000
01312312110110001302101032233121101312110111101302312110103212110111110312110111
11133023121100100322121011111003023121001013121001111030231211100113023121000032
12121111103021033020302033212121111103021033021312312110111110332121211111030210
33021031231211011111133321210111110130231210010131210011110302312100003330231211
01111003123121011111003123121011111013023121100312110111011302312110031210101130
23121000010032212113212101011330203302312110111011312110001001302133221211321210
10113302133023121101110113121100010013021033221211321210101133021033023121101110
11312110010001332212113212101011330211330231211011101131211010011133212110111011
31210001100332233121132121101111013021013021001330210110132233121011100131211100
00003232121011011131211100000130231212100101312110113302033212101011113121001111
03023121210010131211103312312111000001302321210110011131211100001031210101011033
12312101010113321210101111312101000013023121100312101011302321212100101312111101
33123121110000013312312101011332121010111131210110001302312110031210101130231210
01001031210100001312312101011332121011011131211100001130232121100013312100111103
32121010111131210101100032121101032302312110010032212101111100302312100101312100
11110302312111001130231210000321212111110302103302031231210010010333212101111101
30231210010131210011110302312100003330231211011110031231210111110031231210111110
13023121100312110111011302312110031210101130231210000100322121131231210101130203
30231211011101131211000100030203322121131231210101130213302312110111011312110101
10131210101100030203020332212113123121010113021033023121101110113121100010003020
33221211312312101011302113302312110111011312110001010302033221211312312101011302
10033023121101110113121100100003121110000113123121100013322121131231210101130210
13302312110111011312100011003321211011101131210001100333321210101111312101011001
30231210010010312101011000332121010111131211100010032121101032121101111103121101
11111330231211001003221210111110030231210010131210011110302312111001130231210000
32121211111030210330203123121001001033212121111103021033021312312110111110332121
21111103021033021031231211011111133321210111110130231210010131210011110302312100
00333023121101111003123121011111003123121011111013023121100312110111011302312110
03121010113023121000010032212113123121010113020330231211011101131211000100130213
32212113123121010113021330231211011101131211000100130210332212113123121010113021
03302312110111011312110010100332212113123121010113021133023121101110113121101001
11332121101110113121000110033332121010111131210011011302312100100103121110001003
32121010111131211100010132121101032121101111103121101111113302312110010032212101
11110030231210010131210011110302312111001130231210000321212111110302103302031231
21001001033212121111103021033021312312110111110332121211111030210330210312312110
11111133321210111110130231210010131210011110302312100003330231211011110031231210
11111003123121011111013023121100312110111011302312110031210101130231210000100322
12113123121010113020330231211011101131211000100130213322121131231210101130213302
31211011101131211000100130210332212113123121010113021033023121101110113121100101
01332212113123121010113021133023121101110113121101001113321211011101131210001100
33332121010111131211100011030231210010010312111000101332121010111131211100011132
12110103212110111110312110111111330231211001003221210111110030231210010131210011
11030231211100113023121000032121211111030210330203123121001001033212121111103021
03302131231211011111033212121111103021033021031231211011111133321210111110130231
21001013121001111030231210000333023121101111003123121011111003123121011111013023
12110031211011101130231211003121010113023121000010032212113123121010113020330231
21101110113121100010013021332212113123121010113021330231211011101131211000100130
21033221211312312101011302103302312110111011312110010001332212113123121010113021
13302312110111011312110100111332121101110113121000110033332121010111131211100100
03023121001001031211100011133212101011113121110010013212110103212110111110312110
11111131211100101033023121100100322121011111003023121001013121001111030231211100
11302312100003212121111103021033020312312100100103321212111110302103302131231211
01111103321212111110302103302103123121101111113321212111110302103302113123121110
01010333212101111101302312100101312100111103023121000033302312110111100312312101
11110031231210111110130231211003121101110113023121100312101011302312100001003221
21131231210101130203302312110111011312110001000302033221211312312101011302133023
12110111011312110001001302133221211312312101011302103302312110111011312110001000
30203322121131231210101130211330231211011101131211000100130210332212113123121010
11302100330231211011101131211000100130211332212113123121010113021013302312110111
01131211010100131211100011130210302133221211312312101011302110330231211011101131
21101010013121110001003021030213322121131231210101130211133023121101110113121101
00111332121101110113121000110033332121010111131211100101130231210010010312111001
00133212101011113121110011003212110103212110111110330231211001003221210111110030
23121001013121001111030231211100113023121000032121211111030210330203123121001001
03321212111110302103302131231211011111033321210111110130231210010131210011110302
31210000333023121101111003123121011111003123121011111013023121100312110111011302
31211003121010113023121000010032212113123121010113020330231211011101131211000100
03020332212113123121010113021330231211011101131211000100130213322121131231210101
13021033023121101110113121100100003121110000113123121100013322121131231210101130
21133023121101110113121000110033212110111011312100011003333212101011113121101011
30231210010010312111001100332121010111131211100110132121101032302312110010032212
10111110030231210010131210011110302312111001130231210000321212111110302103302031
23121001001033321210111110130231210010131210011110302312100003330231211011110031
23121011111003123121011111013023121100312110111011302312110031210101130231210000
10032212113123121010113020330231211011101131211000100030203322121131231210101130
21330231211011101131211000111031211100001131231211000133221211312312101011302103
30231211011101131211010011133212110111011312100011003333212101011113121111013023
12100100103121110011013321210101111312111001110321211010321211011111033023121100
10032212101111100302312100101312100111103023121110011302312100003212121111103021
03302031231210010010332121211111030210330213123121101111103332121011111013023121
00101312100111103023121000033302312110111100312312101111100312312101111101302312
11003121101110113023121100312101011302312100001003221211312312101011302033023121
10111011312110001001302133221211312312101011302133023121101110113121100110003021
01133221211312312101011302103302312110111011312110001001302133221211312312101011
30211330231211011101131211000100030203322121131231210101130210033023121101110113
12110001000302033221211312312101011302101330231211011101131211000100130213322121
13123121010113021103302312110111011312110001010302133221211312312101011302111330
23121101110113121101010013121110001013021030213322121131231210101130210003302312
11011101131211010100131211100111030213021332212113123121010113021001330231211011
10113121100100013322121131231210101130210103302312110111011312110010110302110033
22121131231210101130210113302312110111011312110001010302133221211312312101011302
11003302312110111011312110100111332121101110113121000110033332121010111131211100
11113023121001001031211100111033223312110131211101000030231211100000031210011110
32233121132121110100003121110001113021111302101033021001011032233121132121110100
00312111001000302111130210103302100101103223312113212111010000312111001001302100
30211113021010330210011010322331210010113212111010000312111001100302101011133212
11321211101000031211100110133021010111332233121132121110100003121110011103020330
21322331211321211101000031211100111030213302132233121132121110100003121110011103
02101330211110003223312110131211101000130231211003121010001302312100101032121100
31210101130231211003121000111103023121110312101011013212121010130203312312101011
33023121110312100011013212121010130213312312101011330231211011013123121000111103
12312101011013123121000110133212101000031231211100003123121010001332233121101312
11101001030231211101000130231210010013212110031210101101302312101013123121010110
13023121100010031210011110312312101011013321210000302001000100110001001101111011
10011011101000110111101101110001000103020010001001100100011101010110001001101100
01101001011011100010001030200100010011100000110000101110010011010010111001100100
01030200100010011001110110010101101110011011110110000100100010332233121101312111
01001130231210010013212110031211101010030231211103121100001132121210101302033123
12111010100330231211103121100010132121210101302133123121110101003302312110000103
12100111103212111010010312312110000113321211101001031231211000101333212100003212
10101302001000100110001001101111011100110111010001101111011011100010001030200100
01001100100011101010110001001101100011010010110111000100010332121010130200100010
01100100011101010110001001101100011010010110111000100010302001000100111000001100
00101110010011010010111001100100010332121010130200100010011000100110111101110011
01110100011011110110111000100010302001000100111000001100001011100100110100101110
01100100010332121010130200100010011100000110000101110010011010010111001100100010
30200100010011001110110010101101110011011110110000100100010333223312110131211101
00130231211100000312100111103223312111010013121101010130231211101001030200100010
01100100011101010110001001101100011010010110111000100010322331210010030231211101
00131211010111312101011013223312100010030200100010011001000111010101100010011011
00011010010110111000100010302312111010013121101011131210101101322331211101001312
11011010322331210010030231211101001312110101113121010110132233121000100302001000
10011100000110000101110010011010010111001100100010302312111010013121101011131210
10110132233121110100131211011010322331210010030231211101001312110101113121010110
13223312100010030200100010011001110110010101101110011011110110000100100010302312
11101001312110101113121010110132233121110100131211011010322331210010030231211101
00131211010111312101011013223312100010030200100010011100000110000101110010011010
01011100110010001030231211101001312110101113121010110132233121110100131211011010
32233121001003023121110100131211010111312101011013223312100010030200100010011000
10011011110111001101110100011011110110111000100010302312111010013121101011131210
10110132233121110100131211011010322331210010030231211101001312110101113121010110
13223312100010030200100010011001000111010101100010011011000110100101101110001000
10302312111010013121101011131210101101322331211101001312110110103223312100100302
31211101001312110101113121010110132233121000100302001000100111000001100001011100
10011010010111001100100010302312111010013121101011131210101101322331210111001312
11101010132121110101103121110101113321210110111312111011000302312100110003121001
11103321210110111312111011001302312100101312100111103123121110000332121011011131
21110110103023121001013121001111030203321210110111312111011011302312100101312100
11110302033212101011113121001111030231210010113212111011010312110101130231211101
00013023121001001321211003121010110130231210101312312101011013023121100010031210
01111031231210101101331231211101011033212111011011312110101130231210010013212110
03121110101003023121110312110000113212121010130203312312111010100330231211103121
10001013212121010130213312312111010100330231211000010312100111103212111011010312
11110131231211000011332121110110103121111013123121100010133312312111010111333212
10101111312100110113023121101032121110111003121010110131211000110033023121001011
32121100011003121101010130231211101101031211110131231211101110033212110001100312
11011000312312101011013321211101100131211010113023121101101321211101100131211110
13312312101011013123121100011003321211101100031210011011312312110001100333212101
01111312100110030231211003121111113023121110110013121111013123121111113121101011
13121010110133212101011113121110111013023121100312111011100302312111031211100011
32121010010321210001001312110000103302312111011010312111101312312111011100312100
11010330231210010013212110031211000010302312110000103121100011032121110110103121
11101312312111011100331210101101331231211100011332121010111131211011010302312100
10113212100100132121100312101011302312101011312110110103302312111011000312100110
10331231213322331211013121110111103023121110101013121001111032121000030200100010
01100010011011110111001101110100011011110110111000100010302001000100110010001110
10101100010011011000110100101101110001000103020010001001110000011000010111001001
10100101110011001000103020010001001100111011001010110111001101111011000010010001
03321210000321210101302001000100110001001101111011100110111010001101111011011100
01000103020010001001100100011101010110001001101100011010010110111000100010332121
01013020010001001100100011101010110001001101100011010010110111000100010302001000
10011100000110000101110010011010010111001100100010332121010130200100010011000100
11011110111001101110100011011110110111000100010302001000100111000001100001011100
10011010010111001100100010332121010130200100010011100000110000101110010011010010
11100110010001030200100010011001110110010101101110011011110110000100100010333223
31211101111031210011011302001000100110010001110101011000100110110001101001011011
10001000103020010001001110010011011110110001001101111001100010010001030231211100
00031210011110322331211101111031210011011302001000100110011101100101011011100110
11110110000100100010302001000100111001001101111011000100110111100110010001000103
02312111000003121001111032233121001003023121110111103121001100302001000100111001
00110111101100010011011110011000100100010322331210001003020010001001100100011101
01011000100110110001101001011011100010001030231211101111031210011003020010001001
11001001101111011000100110111100110001001000103223312100100302312111011110312100
11003020010001001110010011011110110001001101111001100100010001032233121000100302
00100010011001110110010101101110011011110110000100100010302312111011110312100110
03020010001001110010011011110110001001101111001100100010001032233121110111103121
10110103223312100100302312111011110312100110030200100010011100100110111101100010
01101111001100010010001032233121000100302001000100111000001100001011100100110100
10111001100100010302312111011110312100110030200100010011100100110111101100010011
01111001100010010001032233121001003023121110111103121001100302001000100111001001
10111101100010011011110011001000100010322331210001003020010001001110000011000010
11100100110100101110011001000103023121110111103121001100302001000100111001001101
11101100010011011110011001000100010322331210010030231211101111031211101110130200
10001001100010011011110111001101110100011011110110111000100010322331210001003212
10000302001000100111000001100001011100100110100101110011001000103020010001001100
10001110101011000100110110001101001011011100010001033023121110111103121110111013
02001000100110001001101111011100110111010001101111011011100010001032233121001003
02312111011110312111011101302001000100110011101100101011011100110111101100001001
00010322331210001003212100003020010001001110000011000010111001001101001011100110
01000103302312111011110312111011101302001000100110011101100101011011100110111101
10000100100010322331211013121110111113212110103212101011312110100332121111321210
13023121110130231210101133212111132121013023121110130231211010033212113212101011
33212110100333212033321211113212101302312111013023121101003321203321210101131210
10110113212110100333333223312110131211110000032121101032121010113321210000111321
21101032121101003321211101111132121010113321211010033333322331211013121111000013
21211010321210101131210100013321211113212100321210000103023121010001330203321211
11321211101111132121211111030203302312101000133212101011333212133212111100001321
21010113321212111110312100000133023121010001333321203333223312101110013121111000
10323212101101113121010000132212101100111312111000010312101010110331210011110333
21210101111312101100013212110103212101011332121010000132121010113333321210110111
31210011001321210010131210011110321210000333321210101111312101011000321210010010
33321210101111312101011001321210010010312101011000333212101011113121111000113212
11010321210101133212100110013121101011321210001103212101011332121001100131211110
13333332121010111131210011011321210010010312111100011333212101011113121111001003
21211010321210101133212100110013121101011321211110000032121010113321210011001312
11110133333321210101111312100111003212100100103121111001003332121010111131211110
01013212110103212101011332121111000013212101011332121001100131211110133333212101
01111312111100110321210010010312111100101333212101011113121111001113212110103212
10101133212100001132121001100131211110133212101011333332121010111131211110132121
00100103121111001113332121010111131211110100032121111010013121001111032121001001
03333212101011113121111010103212100100103121111010003332121010111131211110101132
12100001032121001100131211110133332121010111131211110110032121001001031211110101
13332233121101312111010000321211110001031210011110332233121001011321211101000031
21111000113212111010000333212113021302312111010000312111101011332233121110100003
12101100113212111010000312111100111302033223312101110013121111011013232121011011
13121010000132212101100111312111000010312101010110331210011110333212101011113121
01100013212110103212101011332121010000132121010113333321210110111312100110013212
10010131210011110321211003121010113020333321210101111312101011000321210010010333
21210101111312101011001321210010010312101011000333212101011113121111011103212110
10321210101131211010033212110010032212110011130231210011001312111101333212100110
01312110101132121100312110101321211113212111011111321211010133212101011333212110
10033212110011132121101013333333332121010111131211110111132121001001031211110111
03332121010111131211111000032121101032121010113321210011001312111101321210101133
33321210101111312111101321210010010312111110000333223312110131211111000132121111
01101312100111103322331210010113212111110001312111101110302101302101033212113021
01030231211111000131211110130210133223312110131211101000032121111000103121001111
03322331210010113212111010000312111100011321211101000033321211302132121110100003
12111101011333223321211101000031211110011130203312101100113212111010000332233121
01110013121111010013212111110010332121011011131211111001132121001013121001111032
12111110010312100110013121111013333212101011113121010110003212100100103332121010
11113121010110013212100100103121010110003332121010111131211111010032121003212100
00103023121111100113121111013302033321210101111312111110101321210010010312111110
10033321210101111312110011032121001001031211111011033321210101111312111110110321
21100100322121111010321212111110302033023121111100113121111013333212100101132121
11110011312110101130231212111110312100000133023121111100113121111013321211110103
33332233121101312111010000321211110001031210011110332233121001011321211101000031
21001101130211113321211101000031210011011302100100033212111010000312100110113021
10001133212133223312110131211111011132121110100003121111010103322331211111011131
21111101013223312100100302312111110111312110011032233121000100302110001130231211
11101113121100110322331211111011131211111010132233121001003023121111101113121100
11032233121000100302100100030231211111011131211001103223312111110111312111110101
32233121001003023121111101113121100110322331210001003021111302312111110111312110
01103223312101302312111110111312111110101322331210111001312111111000323212101101
11312111000001302312121001013121101133020332121010111131210011110302312121001013
12111033123121110000013023212101100111312111000010312101010110331231210101011332
12101011113121010000130231211003121010113023212121001013121111013312312111000001
33123121010113321210101111312101100013023121100312101011302312100100103121010000
13123121010113321210110111312110000113023121001013121001111030203321210110111312
11000101302312100101312100111103020332121011011131211111100130231210010131210011
11030203321210110111312111111010302312100101312100111103020332121010111131211111
10113212110103212110111110312110111111312111001010312111111100330231211001003221
21011111003023121001013121001111030231211100113023121000032121211111030210330203
12312100100103321212111110302103302131231211011111033212121111103021033021031231
21101111113321212111110302103302113123121110010103321212111110302103302100312312
11111110033321210111110130231210010131210011110302312100003330231211011110031231
21011111003123121011111013023121100312110111011302312110031210101130231210000100
32212113123121010113020330231211011101131211000100030203322121131231210101130213
30231211011101131211010110131210101100030203020332212113123121010113021033023121
10111011312110001000302033221211312312101011302113302312110111011312110001000302
13322121131231210101130210033023121101110113121100100003121100001131231211111110
13322121131231210101130210133023121101110113121100010003020332212113123121010113
02110330231211011101131211000100030211332212113123121010113021113302312110111011
31211001000031211000101312312111111101332212113123121010113021000330231211011101
13121100010003020332212113123121010113021001330231211011101131211000100030210332
21211312312101011302101033023121101110113121100100003121111110013212101100111312
11100001031210110010033322121131231210101130210113302312110111011312110001000302
03322121131231210101130211003302312110111011312110001000302100332212113123121010
11302110133023121101110113121100100003121111110103212101100111312111000010312101
10010033322121131231210101130211103302312110111011312110001000302133221211312312
10101130211113302312110111011312110001000302033221211312312101011302100003302312
11011101131211010100131211111111030213020332212113123121010113021000133023121101
11011312110001000302113322121131231210101130210010330231211011101131211000100030
20332212113123121010113021001133023121101110113121101010013121111111103021302033
22121131231210101130210100330231211011101131210001100332121101110113121000110033
33212101011113121010110013023121001001031211111101133212101011113121111111113212
11010321211011111031211011111133023121100100322121011111003023121001013121001111
03023121110011302312100003212121111103021033020312312100100103321212111110302103
30213123121101111103321212111110302103302103123121101111113332121011111013023121
00101312100111103023121000033302312110111100312312101111100312312101111101302312
11003121101110113023121100312101011302312100001003221211312312101011302033023121
10111011312110001000302133221211312312101011302133023121101110113121100010003020
33221211312312101011302103302312110111011312110001110312110000113123121111111013
32212113123121010113021133023121101110113121100111113021100332212113123121010113
02100330231211011101131211000100030203322121131231210101130210133023121101110113
12110001110312111111001321210110011131211100001031210110010033322121131231210101
13021103302312110111011312110001000302103322121131231210101130211133023121101110
11312110101001312101011010302130213322121131231210101130210003302312110111011312
11001110030211003322121131231210101130210013302312110111011312110001000302033221
21131231210101130210103302312110111011312110001110312110001013123121111111013322
12113123121010113021011330231211011101131211010100033221211312312101011302110033
02312110111011312110001000302133221211312312101011302110133023121101110113121100
01000302033221211312312101011302111033023121101110113121100011103121100010131231
21111111013322121131231210101130211113302312110111011312110011111302110003322121
13123121010113021000033023121101110113121100010003020332212113123121010113021000
13302312110111011312110001110312111111010321210110011131211100001031210110010033
32212113123121010113021001033023121101110113121100010003021033221211312312101011
30210011330231211011101131211010100131210101101030213021332212113123121010113021
01003302312110111011312110011100302110003322121131231210101130210101330231211011
10113121100010003020332212113123121010113021011033023121101110113121100011103121
10000113123121111111013322121131231210101130210111330231211011101131211010100033
22121131231210101130211000330231211011101131211000110133221211312312101011302110
01330231211011101131211010100033212110111011312100011003333212101011113121000000
00030231210010010312111111111332121010111131210000000013212110103212110111110330
23121100100322121011111003023121001013121001111030231211100113023121000032121211
11103021033020312312100100103321212111110302103302131231211011111033321210111110
13023121001013121001111030231210000333023121101111003123121011111003123121011111
01302312110031211011101130231211003121010113023121000010032212113123121010113020
33023121101110113121100010003021332212113123121010113021330231211011101131211000
10003020332212113123121010113021033023121101110113121100011103121100001131231211
11111013322121131231210101130211330231211011101131211001111130211133221211312312
10101130210033023121101110113121100010003020332212113123121010113021013302312110
11101131211000111031211000101312312111111101332212113123121010113021103302312110
11101131211010100033221211312312101011302111330231211011101131211000100030213322
12113123121010113021000330231211011101131211000100030203322121131231210101130210
01330231211011101131211000111031211000101312312111111101332212113123121010113021
01033023121101110113121100111113021110332212113123121010113021011330231211011101
13121100010003020332212113123121010113021100330231211011101131211000111031211000
01131231211111110133221211312312101011302110133023121101110113121101010003322121
13123121010113021110330231211011101131211000110133221211312312101011302111133023
12110111011312110101000332121101110113121000110033332233121011100131210000000103
23212101101113121110000013023121210010131211011330203321210101111312100111103023
12121001013121110331231211100000130232121000000011331231210101011332121010111131
21010000130231211003121010113023212121001013121111013312312111000001331231210101
13321210101111312101100013023121100312101011302312100100103121010000131231210101
13321210110111312110101003023121001013121001111030203321210110111312100000010030
23121001013121001111030203321210101111312101011000321211010323023121100100322121
01111100302312100101312100111103023121110011302312100003212121111103021033020312
31210010010333212101111101302312100101312100111103023121000033302312110111100312
31210111110031231210111110130231211003121101110113023121100312101011302312100001
00322121131231210101130203302312110111011312110001000302033221211312312101011302
13302312110111011312110101101312101011000302030203322121131231210101130210330231
21101110113121000110033212110111011312100011003333212101011113121010110013023121
00100103121010110003321210101111312100000010132121101032121101111103302312110010
03221210111110030231210010131210011110302312111001130231210000321212111110302103
30203123121001001033212121111103021033021312312110111110333212101111101302312100
10131210011110302312100003330231211011110031231210111110031231210111110130231211
00312110111011302312110031210101130231210000100322121131231210101130203302312110
11101131211000100030203322121131231210101130213302312110111011312110001110312110
10100312312111111101332212113123121010113021033023121101110113121101001013021113
32212113123121010113021133023121101110113121100010003020332212113123121010113021
00330231211011101131211000111031211010100312312111111101332212113123121010113021
01330231211011101131211000100030203322121131231210101130211033023121101110113121
10101001312100000011030213020332212113123121010113021113302312110111011312110001
00030203322121131231210101130210003302312110111011312110001000302133221211312312
10101130210013302312110111011312110010000312110101003123121111111013322121131231
21010113021010330231211011101131211000100030213322121131231210101130210113302312
11011101131211000100030203322121131231210101130211003302312110111011312110101001
31210000001113021302033221211312312101011302110133023121101110113121100010003020
33221211312312101011302111033023121101110113121100010003021332212113123121010113
02111133023121101110113121100100003121000000100312312111111101332212113123121010
11302100003302312110111011312100011003321211011101131210001100333321210101111312
10000010003023121001001031210000001013321210101111312100000100132121101032302312
11001003221210111110030231210010131210011110302312111001130231210000321212111110
30210330203123121001001033321210111110130231210010131210011110302312100003330231
21101111003123121011111003123121011111013023121100312110111011302312110031210101
13023121000010032212113123121010113020330231211011101131211000100030203322121131
23121010113021330231211011101131211000111031211010100312312111111101332212113123
12101011302103302312110111011312110101000332121101110113121000110033332121010111
13121000001010302312100100103121000001001332121010111131210000010113212110103212
11011111033023121100100322121011111003023121001013121001111030231211100113023121
00003212121111103021033020312312100100103321212111110302103302131231211011111033
32121011111013023121001013121001111030231210000333023121101111003123121011111003
12312101111101302312110031211011101130231211003121010113023121000010032212113123
12101011302033023121101110113121100010003020332212113123121010113021330231211011
10113121100010003021332212113123121010113021033023121101110113121100100003121000
00010031231211111110133221211312312101011302113302312110111011312100011003321211
01110113121000110033332121010111131210000011003023121001001031210000010113321210
10111131210000011013212110103230231211001003221210111110030231210010131210011110
30231211100113023121000032121211111030210330203123121001001033321210111110130231
21001013121001111030231210000333023121101111003123121011111003123121011111013023
12110031211011101130231211003121010113023121000010032212113123121010113020330231
21101110113121100010003020332212113123121010113021330231211011101131211000111031
21000000100312312111111101332212113123121010113021033023121101110113121100010003
02033221211312312101011302113302312110111011312110001110312110101003123121111111
01332212113123121010113021003302312110111011312110100000302100133221211312312101
01130210133023121101110113121100010003020332212113123121010113021103302312110111
01131211000100030203322121131231210101130211133023121101110113121100011103121000
00010031231211111110133221211312312101011302100033023121101110113121101010013121
00000010130213020332212113123121010113021001330231211011101131210001100332121101
11011312100011003333212101011113121000001110302312100100103121000001101332233121
01110013121111111013232121011011131211100000130231212100101312110113302033212101
01111312100111103023121210010131211103312312111000001302321210000000113312312101
01011332121010111131210100001302312110031210101130232121210010131211110133123121
11000001331231210101133212101011113121011000130231211003121010113023121001001031
21010000131231210101133212101101113121011110030231210010131210011110302033212101
10111312100000111130231210010131210011110302033212101011113121010110003212110103
23023121100100322121011111003023121001013121001111030231211100113023121000032121
21111103021033020312312100100103332121011111013023121001013121001111030231210000
33302312110111100312312101111100312312101111101302312110031211011101130231211003
12101011302312100001003221211312312101011302033023121101110113121100010003020332
21211312312101011302133023121101110113121101011013121010110003020302033221211312
31210101130210330231211011101131211000100030203322121131231210101130211330231211
01110113121001111031231211110001033221211312312101011302100330231211011101131211
00000103322121131231210101130210133023121101110113121101011013121010110003020302
03322121131231210101130211033023121101110113121100100003121011110031231211110001
03322121131231210101130211133023121101110113121100010003020332212113123121010113
02100033023121101110113121001111031231211110001033221211312312101011302100133023
12110111011312110000010332212113123121010113021010330231211011101131211010110131
21010110003020302033221211312312101011302101133023121101110113121100100003121000
00111131231211110001033221211312312101011302110033023121101110113121000110033212
11011101131210001100333321210101111312101011001302312100100103121010110003321210
10111131210000100003212110103230231211001003221210111110030231210010131210011110
30231211100113023121000032121211111030210330203123121001001033321210111110130231
21001013121001111030231210000333023121101111003123121011111003123121011111013023
12110031211011101130231211003121010113023121000010032212113123121010113020330231
21101110113121100010003020332212113123121010113021330231211011101131211000111031
21011110031231211110001033221211312312101011302103302312110111011312110101000332
12110111011312100011003333212101011113121111013023121001001031210000100003321210
10111131210000100013212110103230231211001003221210111110030231210010131210011110
30231211100113023121000032121211111030210330203123121001001033321210111110130231
21001013121001111030231210000333023121101111003123121011111003123121011111013023
12110031211011101130231211003121010113023121000010032212113123121010113020330231
21101110113121100010003020332212113123121010113021330231211011101131211000111031
21000001111312312111100010332212113123121010113021033023121101110113121101010013
12111101000302030213322121131231210101130211330231211011101131211010100033212110
11101131210001100333321210101111312100001001030231210010010312100001000133212101
01111312111111110321211010321211011111033023121100100322121011111003023121001013
12100111103023121110011302312100003212121111103021033020312312100100103321212111
11030210330213123121101111103332121011111013023121001013121001111030231210000333
02312110111100312312101111100312312101111101302312110031211011101130231211003121
01011302312100001003221211312312101011302033023121101110113121100010003020332212
11312312101011302133023121101110113121100011103121000001111312312111100010332212
11312312101011302103302312110111011312110001000302133221211312312101011302113302
31211011101131211010100131211110001130213020332212113123121010113021003302312110
11101131210001100332121101110113121000110033332121010111131210000100113023121001
00103121111111103321210101111312100000011132121101032121101111103302312110010032
21210111110030231210010131210011110302312111001130231210000321212111110302103302
03123121001001033212121111103021033021312312110111110333212101111101302312100101
31210011110302312100003330231211011110031231210111110031231210111110130231211003
12110111011302312110031210101130231210000100322121131231210101130203302312110111
01131211000100030203322121131231210101130213302312110111011312110001110312101111
00312312111100010332212113123121010113021033023121101110113121100010003021332212
11312312101011302113302312110111011312110101001312111100011302130203322121131231
21010113021003302312110111011312100011003321211011101131210001100333321210101111
31210000101003023121001001031210000001113321210101111312100000011032121101032121
10111110330231211001003221210111110030231210010131210011110302312111001130231210
00032121211111030210330203123121001001033212121111103021033021312312110111110333
21210111110130231210010131210011110302312100003330231211011110031231210111110031
23121011111013023121100312110111011302312110031210101130231210000100322121131231
21010113020330231211011101131211000100030203322121131231210101130213302312110111
01131211000111031210111100312312111100010332212113123121010113021033023121101110
11312110001000302133221211312312101011302113302312110111011312110101001312111100
10030213021332212113123121010113021003302312110111011312100001010133221211312312
10101130210133023121101110113121000110033212110111011312100011003333212101011113
12100001011030231210010010312100000011033223312101110013121000000011323212101101
11312111000001302312121001013121101133020332121010111131210011110302312121001013
12111033123121110000013023212101100111312111000010312101010110331231210101011332
12101011113121010000130231211003121010113023212121001013121111013312312111000001
33123121010113321210101111312101100013023121100312101011302312100100103121010000
13123121010113321210110111312101011013023121001013121001111030203321210110111312
11101010130231210010131210011110302033212101011113121010110003212110103230231211
00100322121011111003023121001013121001111030231211100113023121000032121211111030
21033020312312100100103332121011111013023121001013121001111030231210000333023121
10111100312312101111100312312101111101302312110031211011101130231211003121010113
02312100001003221211312312101011302033023121101110113121100010003020332212113123
12101011302133023121101110113121101011013121010110003020302033221211312312101011
30210330231211011101131211000100030203322121131231210101130211330231211011101131
21100010113212101100100312100111103121011001103020010001000101101001000103332212
11312312101011302100330231211011101131211001000031210101101321210110011131211100
00103121011001003332212113123121010113021013302312110111011312110001000302033221
21131231210101130211033023121101110113121100011013322121131231210101130211133023
12110111011312110010000312111010101312312100001011133221211312312101011302100033
02312110111011312100011003321211011101131210001100333321210101111312101011001302
31210010010312101011000332121010111131210000110003212110103212110111110330231211
00100322121011111003023121001013121001111030231211100113023121000032121211111030
21033020312312100100103321212111110302103302131231211011111033321210111110130231
21001013121001111030231210000333023121101111003123121011111003123121011111013023
12110031211011101130231211003121010113023121000010032212113123121010113020330231
21101110113121100010003020332212113123121010113021330231211011101131211000100030
21332212113123121010113021033023121101110113121100100003121010110132121011001113
12111000010312101100100333221211312312101011302113302312110111011312100011003321
21101110113121000110033332121010111131210000110013023121001001031210000110003321
21010111131210000110103212110103230231211001003221210111110030231210010131210011
11030231211100113023121000032121211111030210330203123121001001033321210111110130
23121001013121001111030231210000333023121101111003123121011111003123121011111013
02312110031211011101130231211003121010113023121000010032212113123121010113020330
23121101110113121100010003020332212113123121010113021330231211011101131211000111
03121010110132121011001113121110000103121011001003332212113123121010113021033023
12110111011312110101000332121101110113121000110033332121010111131210000110113023
12100100103121000011010332121010111131210000111003212110103212110111110330231211
00100322121011111003023121001013121001111030231211100113023121000032121211111030
21033020312312100100103321212111110302103302131231211011111033321210111110130231
21001013121001111030231210000333023121101111003123121011111003123121011111013023
12110031211011101130231211003121010113023121000010032212113123121010113020330231
21101110113121100010003020332212113123121010113021330231211011101131211000100030
21332212113123121010113021033023121101110113121100100003121110101013123121000010
11133221211312312101011302113302312110111011312100011003321211011101131210001100
33332121010111131210000111013023121001001031210000111003321210101111312100001111
03212110103230231211001003221210111110030231210010131210011110302312111001130231
21000032121211111030210330203123121001001033321210111110130231210010131210011110
30231210000333023121101111003123121011111003123121011111013023121100312110111011
30231211003121010113023121000010032212113123121010113020330231211011101131211000
10003020332212113123121010113021330231211011101131211000111031211101010131231210
00010111332212113123121010113021033023121101110113121101010003321211011101131210
00110033332121010111131210000111113023121001001031210000111103321210101111312100
01000003212110103230231211001003221210111110030231210010131210011110302312111001
13023121000032121211111030210330203123121001001033321210111110130231210010131210
01111030231210000333023121101111003123121011111003123121011111013023121100312110
11101130231211003121010113023121000010032212113123121010113020330231211011101131
21000110033212110111011312100011003333212101011113121101101030231210010010312100
01000003321210101111312100000110132121101032302312110010032212101111100302312100
10131210011110302312111001130231210000321212111110302103302031231210010010333212
10111110130231210010131210011110302312100003330231211011110031231210111110031231
21011111013023121100312110111011302312110031210101130231210000100322121131231210
10113020330231211011101131210001100332121101110113121000110033332121010111131210
00001110302312100100103121000001101332233121011100131210000101113232121011011131
21110000013023121210010131211011330203321210101111312100111103023121210010131211
10331231211100000130232121011001113121110000103121010101103312312101010113321210
10111131210100001302312110031210101130232121210010131211110133123121110000013312
31210101133212101011113121011000130231211003121010113023121001001031210100001312
31210101133212101101113121011110030231210010131210011110302033212101101113121001
10103023121001013121001111030203321210101111312101011000321211010323023121100100
32212101111100302312100101312100111103023121110011302312100003212121111103021033
02031231210010010333212101111101302312100101312100111103023121000033302312110111
10031231210111110031231210111110130231211003121101110113023121100312101011302312
10000100322121131231210101130203302312110111011312110001000302033221211312312101
01130213302312110111011312110101101312101011000302030203322121131231210101130210
33023121101110113121100010003020332212113123121010113021133023121101110113121001
11103123121111011013322121131231210101130210033023121101110113121100000103322121
13123121010113021013302312110111011312110101101312101011000302030203322121131231
21010113021103302312110111011312110010000312101111003123121111011013322121131231
21010113021113302312110111011312110001000302033221211312312101011302100033023121
10111011312100111103123121111000103322121131231210101130210013302312110111011312
11000001033221211312312101011302101033023121101110113121101011013121010110003020
30203322121131231210101130210113302312110111011312110010000312100110103123121111
00010332212113123121010113021100330231211011101131210001100332121101110113121000
11003333212101011113121010110013023121001001031210101100033212101011113121000100
00132121101032121101111103121101111113302312110010032212101111100302312100101312
10011110302312111001130231210000321212111110302103302031231210010010332121211111
03021033021312312110111110332121211111030210330210312312110111111333212101111101
30231210010131210011110302312100003330231211011110031231210111110031231210111110
13023121100312110111011302312110031210101130231210000100322121131231210101130203
30231211011101131211000100030213322121131231210101130213302312110111011312110001
00030210332212113123121010113021033023121101110113121101010013121000011000302130
20332212113123121010113021133023121101110113121100010003020332212113123121010113
02100330231211011101131211000111031210111100312312111101101332212113123121010113
02101330231211011101131211000100030213322121131231210101130211033023121101110113
12110101001312100001101030203021332212113123121010113021113302312110111011312110
00100030213322121131231210101130210003302312110111011312110101001312111101110302
10302033221211312312101011302100133023121101110113121100010003020332212113123121
01011302101033023121101110113121100011103121001101031231211110001033221211312312
10101130210113302312110111011312110001000302133221211312312101011302110033023121
10111011312110101001312111100011302130203322121131231210101130211013302312110111
01131210001100332121101110113121000110033332121010111131210011011302312100100103
12100010000133212101011113121000100010321211010321211011111033023121100100322121
01111100302312100101312100111103023121110011302312100003212121111103021033020312
31210010010332121211111030210330213123121101111103332121011111013023121001013121
00111103023121000033302312110111100312312101111100312312101111101302312110031211
01110113023121100312101011302312100001003221211312312101011302033023121101110113
12110001000302033221211312312101011302133023121101110113121100011103121011110031
23121111011013322121131231210101130210330231211011101131210011110321210110011131
21110000103121011001003332212113123121010113021133023121101110113121100000103322
12113123121010113021003302312110111011312110001000302133221211312312101011302101
33023121101110113121101011013121011001013021302033221211312312101011302110330231
21101110113121101010013121111100003021302133221211312312101011302111330231211011
10113121100001003123121000000011332212113123121010113021000330231211011101131211
01010003321211011101131210001100333321210101111312111101302312100100103121000100
01033212101011113121000100000321211010323023121100100322121011111003023121001013
12100111103023121110011302312100003212121111103021033020312312100100103332121011
11101302312100101312100111103023121000033302312110111100312312101111100312312101
11110130231211003121101110113023121100312101011302312100001003221211312312101011
30203302312110111011312110001000302033221211312312101011302133023121101110113121
10001110312100110103123121111000103322121131231210101130210330231211011101131211
01010013121111010003020302133221211312312101011302113302312110111011312110000101
30213322121131231210101130210033023121101110113121100010003021332212113123121010
11302101330231211011101131211010110031211111010030203021302133221211312312101011
30211033023121101110113121100111003021110332212113123121010113021113302312110111
01131211000100030213322121131231210101130210003302312110111011312110101100312111
11011030203021302133221211312312101011302100133023121101110113121100001003123121
00000001133221211312312101011302101033023121101110113121100001013021033221211312
31210101130210113302312110111011312110001000302103322121131231210101130211003302
31211011101131211010100131210001000003020302033221211312312101011302110133023121
10111011312110010110302100332212113123121010113021110330231211011101131211000100
03020332212113123121010113021111330231211011101131211000111031210011010312312111
10001033221211312312101011302100003302312110111011312110101001312111101000302030
21332212113123121010113021000133023121101110113121100001013021332212113123121010
11302100103302312110111011312110001000302133221211312312101011302100113302312110
11101131211010110031211111010030203021302133221211312312101011302101003302312110
11101131211001110030211100332212113123121010113021010133023121101110113121100010
00302133221211312312101011302101103302312110111011312110101100312111110110302030
21302133221211312312101011302101113302312110111011312110000100312312100000001133
22121131231210101130211000330231211011101131211000010130210332212113123121010113
02110013302312110111011312110001000302103322121131231210101130211010330231211011
10113121101010013121000001101302030203322121131231210101130211011330231211011101
13121100101103021001033221211312312101011302111003302312110111011312100011003321
21101110113121000110033332121010111131211011010302312100100103121000100000332233
12101110013121000100011323212101101113121110000013023121210010131211011330203321
21010111131210011110302312121001013121110331231211100000130232121000000010331231
21010101133212101011113121010000130231211003121010113023212121001013121111013312
31211100000133123121010113321210101111312101100013023121100312101011302312100100
10312101000013123121010113321210110111312100010010030231210010131210011110302033
21210110111312100010010130232121100013312100111103321210101111312101011000321211
01032302312110010032212101111100302312100101312100111103023121110011302312100003
21212111110302103302031231210010010333212101111101302312100101312100111103023121
00003330231211011110031231210111110031231210111110130231211003121101110113023121
10031210101130231210000100322121131231210101130203302312110111011312110001000302
03322121131231210101130213302312110111011312110101101312101011000302030203322121
13123121010113021033023121101110113121100010003020332212113123121010113021133023
12110111011312100111103123121111011013322121131231210101130210033023121101110113
12110000010332212113123121010113021013302312110111011312110101101312101011000302
03020332212113123121010113021103302312110111011312110010000312100010010031231211
11011013322121131231210101130211133023121101110113121100010003020332212113123121
01011302100033023121101110113121100010103021332212113123121010113021001330231211
01110113121100100003121000100101312312110001332212113123121010113021010330231211
01110113121000110033212110111011312100011003333212101011113121010110013023121001
00103121010110003321210101111312100010000032121101032302312110010032212101111100
30231210010131210011110302312111001130231210000321212111110302103302031231210010
01033321210111110130231210010131210011110302312100003330231211011110031231210111
11003123121011111013023121100312110111011302312110031210101130231210000100322121
13123121010113020330231211011101131211000100030203322121131231210101130213302312
11011101131211010100131210000010013020302133221211312312101011302103302312110111
01131211000010130213322121131231210101130211330231211011101131211000100030213322
12113123121010113021003302312110111011312110100101302111001332212113123121010113
02101330231211011101131211000100030203322121131231210101130211033023121101110113
12110001110312100010010131231211000133221211312312101011302111330231211011101131
21100001103021033221211312312101011302100033023121101110113121100011013322121131
23121010113021001330231211011101131211000010130211332212113123121010113021010330
23121101110113121100010003021332212113123121010113021011330231211011101131211010
10013121000010001302030213322121131231210101130211003302312110111011312110000101
30210033221211312312101011302110133023121101110113121100010003021003322121131231
21010113021110330231211011101131211010110031211111010030203021302133221211312312
10101130211113302312110111011312110011100302101001332212113123121010113021000033
02312110111011312110001000302100332212113123121010113021000133023121101110113121
10101100312111110110302030213021332212113123121010113021001033023121101110113121
10000100312312111111000332212113123121010113021001133023121101110113121100001013
02101332212113123121010113021010033023121101110113121100010003020332212113123121
01011302101013302312110111011312110001110312100010010031231211110110133221211312
31210101130210110330231211011101131211000100030210133221211312312101011302101113
30231211011101131211010100131211111000030213021332212113123121010113021100033023
12110111011312110000100321210110011131211100001031210101111133322121131231210101
13021100133023121101110113121100001013021103322121131231210101130211010330231211
01110113121100010103020332212113123121010113021101133023121101110113121100001103
02111332212113123121010113021110033023121101110113121100010003021103322121131231
21010113021110133023121101110113121101001013021000013322121131231210101130211110
33023121101110113121100010003021103322121131231210101130211111330231211011101131
21101010013121000100110302030213322121131231210101130210000033023121101110113121
10000110302111332212113123121010113021000013302312110111011312110001001302111332
21211312312101011302100010330231211011101131211000100130210332212113123121010113
02100011330231211011101131211010000130210100033221211312312101011302100100330231
21101110113121100010013021113322121131231210101130210010133023121101110113121100
00110302103322121131231210101130210011033023121101110113121100010003021013322121
13123121010113021001113302312110111011312110000101302113322121131231210101130210
10003302312110111011312110010110302110133221211312312101011302101001330231211011
10113121100010003021133221211312312101011302101010330231211011101131211010010130
21110013322121131231210101130210101133023121101110113121100010003020332212113123
12101011302101100330231211011101131211000111031210001001003123121111011013322121
13123121010113021011013302312110111011312110001000302113322121131231210101130210
11103302312110111011312100111103212101100111312111000010312101011111333221211312
31210101130210111133023121101110113121100000103322121131231210101130211000033023
12110111011312110001000302033221211312312101011302110001330231211011101131211000
11103121000100101312312110001332212113123121010113021100103302312110111011312110
10110131210110000030213020332212113123121010113021100113302312110111011312110101
00131211110111030210302033221211312312101011302110100330231211011101131211000100
03020332212113123121010113021101013302312110111011312110001000302113322121131231
21010113021101103302312110111011312110001000302133221211312312101011302110111330
23121101110113121101010013121000000001302130213322121131231210101130211100033023
12110111011312110101001312100000101130213020332212113123121010113021110013302312
11011101131211000100030203322121131231210101130211101033023121101110113121100000
10332212113123121010113021110113302312110111011312110001110312100010010131231211
00013322121131231210101130211110033023121101110113121100010103021332212113123121
01011302111101330231211011101131211001010033221211312312101011302111110330231211
01110113121100100003121000100101312312110001332212113123121010113021111113302312
11011101131210001100332121101110113121000110033332121010111131211011010302312100
10010312100010000033223312110131210001001113212110031210101130231210110010031210
01111031210110011030231210101133223312110131210001010003212111111101312100111103
12101011001332233121101312100010100132121111111013121001111031210101100133223312
11013121000101010321211111100031210011110312101011001321210001010003321210001001
11302001000100111001101101111011101010111010001101000001000103321210001010013321
21000100111302001000100110111001101111011100100111010001101000001000103332233121
10131210001010113212100001011131210011110312101011001332233121101312100010110032
12100000001031210011110312101011001332233121101312100010110132121000100011312100
11110312101011001332233121010111003023121000101011312100110113212100010110033023
12100010011130200100010011000100111010101110011001000103223312101011100302312100
01010113121001101132121000101101330231210001001113020010001001100001011101010111
01000110111101100010011101010111001100100010322331210101110030231210001010113121
00110113212100010100033023121000100111302001000100110001001101111011100110111010
00110111101101110001000103223312101011100302312100010101131210011011321210001010
01330231210001001113020010001001101110011001010111011101111001011011110111001001
10101100100010322331210010113212100010100031211110131210011011321210001010003332
12113021302312100010100031211110131211110110033223312113021302312100010100031211
11013121111011003223312113020302312100010100131211110131211110110032233121010111
00302312100010110031210000010003212100010100033223312113021030231210001010003121
11101312111101100322331211302030231210001010013121111013121111011003223312101011
10030231210001011003121000001000321210001010013322331210001010003121111013121111
01100322331210001010013121111013121111011003223312100010110031210101101132121000
10110033223312100010100031210101101132121000101000332233121013023121000101100312
10101101132121000101000332233121001003023121000101010312100000000032121000101000
33212100010011130200100010011100110110111101110101011101000110100000100010331210
00011011312101100010322331210001003020010001001101110011001010111011101111001011
01111011100100110101100100010302312100010101031210000000003212100010100033212100
01001113020010001001110011011011110111010101110100011010000010001033121000011011
31210110001032233121001003023121000101010312100000000032121000101001332121000100
11130200100010011011100110111101110010011101000110100000100010331210000110113121
01100010322331210001003020010001001100010011011110111001101110100011011110110111
00010001030231210001010103121000000000321210001010013321210001001113020010001001
10111001101111011100100111010001101000001000103312100001101131210110001032233121
10131210110001132121100312101011302312100010101131211110130231210001001113023121
01011332233121130200100010011011100110010101110111011110010110111101110010011010
11001000103023212101100011302001000100110001001110101011100110010001033121000001
01031210000110113121011000103223312101011100302312100010110131210000010003212100
01010003322331210010030232121011000113020010001001100001011101010111010001101111
01100010011101010111001100100010331210000010103121000011011312101100010322331210
00100302001000100110001001101111011100110111010001101111011011100010001030232121
01100011302001000100110000101110101011101000110111101100010011101010111001100100
01033121000001010312100001101131210110001032233121010111003023121000101011312110
11010322331210010030232121011000113020010001001100001011101010111010001101111011
00010011101010111001100100010331210000010103121000011011312101100010322331210001
00302001000100110111001100101011101110111100101101111011100100110101100100010302
32121011000113020010001001100001011101010111010001101111011000100111010101110011
0010001033121000001010312100001101131210110001032233
